"row","col","label"
49,12,0
65,193,0
153,84,0
74,18,1
146,20,0
122,125,0
49,116,0
128,5,0
47,143,0
24,103,0
71,153,0
100,76,0
89,5,0
165,132,0
110,179,0
20,35,0
154,32,0
114,42,0
111,121,0
131,74,0
41,37,0
89,58,0
27,191,0
164,62,0
109,37,0
5,131,0
162,8,0
92,16,0
104,47,0
3,132,0
58,52,0
42,104,0
24,130,0
158,95,0
43,141,0
143,117,0
150,150,0
58,118,0
136,90,0
36,75,0
68,188,0
146,77,0
109,100,0
92,116,0
4,158,0
178,77,0
99,64,0
177,172,0
154,14,0
114,10,0
6,99,0
134,187,0
130,128,0
116,38,0
3,112,0
118,153,0
149,146,0
2,9,0
102,168,0
138,170,0
40,156,0
5,71,0
33,180,0
177,97,0
103,5,0
109,62,0
73,99,0
157,52,0
76,192,0
9,74,0
35,167,0
16,4,0
101,88,0
69,160,0
118,54,0
130,165,0
82,104,0
152,37,0
113,111,0
146,172,0
69,136,0
110,77,0
104,134,0
40,101,0
149,76,0
57,11,0
100,59,0
42,12,0
146,45,0
91,186,0
13,15,0
54,119,0
83,57,0
32,178,0
60,124,0
29,136,0
81,120,0
108,49,0
121,24,0
85,126,0
126,18,1
171,153,0
112,58,0
72,134,0
29,171,0
166,184,0
1,41,0
141,109,0
133,54,0
55,47,0
144,84,0
43,22,0
42,177,0
42,147,0
97,100,0
157,76,0
25,18,1
115,188,0
32,107,0
81,86,0
14,142,0
111,155,0
6,144,0
175,155,0
43,136,0
165,9,0
113,145,0
113,44,0
31,49,0
162,2,0
94,126,0
6,156,0
38,150,0
95,152,0
6,32,0
84,166,0
15,171,0
34,122,0
170,44,1
12,98,0
128,183,0
154,123,0
41,150,0
66,155,0
56,186,0
152,172,0
98,83,0
25,152,0
92,106,0
107,74,0
61,120,0
14,162,0
162,65,0
124,100,0
95,43,0
32,2,0
155,66,0
138,163,0
28,177,0
118,163,0
37,11,0
138,114,0
113,157,0
5,88,0
35,153,0
78,66,0
14,12,0
156,81,0
122,15,0
97,32,0
127,149,0
31,113,0
43,188,0
180,69,0
81,152,0
27,144,0
30,121,0
180,134,0
100,77,0
75,62,0
145,93,0
62,147,0
13,60,0
126,170,0
124,167,0
63,101,0
49,4,0
61,118,0
116,21,0
1,34,0
145,45,0
161,128,0
28,139,0
2,117,0
159,191,0
136,154,0
127,51,0
3,35,0
13,21,0
12,129,0
158,43,0
51,116,0
95,88,0
165,50,0
47,18,0
56,95,0
144,64,0
10,161,0
153,123,0
3,7,0
82,185,0
28,100,0
93,136,0
57,143,0
84,30,0
118,150,0
61,80,0
102,160,0
171,89,0
150,66,0
154,188,0
54,67,0
55,193,0
54,172,0
58,17,0
173,136,0
165,148,0
43,71,0
85,137,0
162,142,0
153,132,0
102,136,0
142,17,0
49,98,0
139,143,0
156,178,0
18,175,1
55,171,0
170,170,0
36,117,0
148,11,0
71,82,0
113,13,1
27,19,0
94,164,0
133,46,0
86,3,0
148,57,0
114,119,0
169,68,0
139,39,0
38,86,0
106,8,0
127,126,0
151,154,0
90,160,0
115,181,0
105,17,0
11,61,0
147,21,0
36,15,0
170,53,0
59,117,0
113,16,0
30,18,0
108,22,0
149,25,0
47,65,0
105,58,0
88,102,0
114,12,0
135,127,0
142,41,0
12,75,0
51,170,0
10,112,0
121,87,0
89,80,0
37,39,0
163,101,0
162,5,0
27,185,0
46,117,0
31,7,0
91,11,0
100,75,0
120,97,0
53,132,0
24,120,0
166,167,0
148,65,0
123,88,0
92,19,0
33,89,0
93,36,0
36,22,0
45,166,0
96,152,0
102,4,0
150,45,0
172,156,0
135,49,0
108,121,0
5,81,0
159,67,0
160,116,0
167,6,0
141,50,0
122,119,0
30,171,0
54,151,0
2,34,0
28,107,0
131,17,0
161,83,0
111,44,0
9,150,0
54,25,0
138,33,0
115,26,0
82,119,0
153,111,0
108,140,0
73,28,0
147,183,0
79,85,0
46,63,0
131,10,0
150,24,0
61,50,0
20,186,0
170,179,0
98,39,0
17,127,0
82,11,0
174,86,0
17,175,0
94,109,0
74,34,0
165,121,0
173,58,0
178,188,0
179,40,0
74,172,0
48,13,0
162,86,0
68,62,0
90,14,0
61,162,0
161,23,0
110,41,0
116,88,0
108,105,0
147,124,0
70,19,0
89,97,0
30,144,0
106,114,0
103,147,0
89,14,0
2,145,0
166,30,0
137,172,1
75,164,0
134,156,0
31,189,0
142,86,0
47,5,0
169,190,0
138,34,0
49,22,0
22,168,0
1,125,0
121,35,0
132,115,0
67,102,0
53,159,0
166,189,0
125,46,0
59,148,0
69,173,0
170,15,0
148,146,0
162,93,0
87,6,0
57,13,0
148,10,0
137,107,0
27,94,0
174,168,0
174,150,0
3,27,0
95,95,0
146,31,0
138,31,0
168,133,0
84,149,0
53,115,0
101,100,0
157,114,0
137,16,0
168,106,0
87,60,0
76,144,0
110,164,1
119,100,0
107,55,1
54,31,0
57,108,0
27,80,0
80,19,0
110,93,0
156,172,0
15,5,0
102,176,0
23,115,0
61,144,0
83,65,0
10,82,0
141,45,0
62,32,0
102,134,0
1,60,0
11,37,0
109,46,0
26,27,0
74,164,0
123,185,0
79,168,0
81,107,0
111,138,0
136,179,0
100,75,0
91,37,1
25,163,0
24,25,0
80,168,0
108,146,0
16,64,0
3,1,0
56,20,0
149,91,0
10,170,0
85,59,0
135,136,0
147,153,0
157,23,0
45,112,0
170,82,0
119,13,0
174,98,0
152,105,0
93,57,0
158,42,0
107,104,0
173,193,0
42,173,0
98,95,0
167,91,0
52,47,0
53,114,0
171,134,0
171,130,0
26,163,0
97,52,0
117,31,0
134,97,0
58,133,0
23,9,0
170,63,0
169,149,0
173,90,0
85,94,0
33,99,0
139,4,0
104,107,0
173,44,0
142,47,0
130,23,0
45,135,0
126,41,0
35,80,0
156,12,0
45,143,0
144,93,0
173,118,0
136,166,0
102,115,0
102,92,0
122,161,0
95,155,0
165,140,0
10,65,0
123,61,0
75,83,0
151,73,0
161,121,0
15,179,0
68,95,0
60,183,0
103,179,0
138,92,0
99,182,0
173,10,0
84,173,0
120,120,0
176,12,0
8,47,0
96,70,0
131,140,0
105,116,0
176,168,0
75,159,0
141,34,0
103,93,0
18,149,0
103,93,0
85,70,0
133,135,0
31,18,0
56,122,0
20,7,0
103,4,0
8,134,0
19,97,0
114,135,0
10,161,0
61,123,0
12,185,0
163,132,0
180,100,1
112,171,1
32,53,0
54,38,0
162,37,0
129,123,0
7,133,0
11,74,0
77,107,0
101,15,0
143,99,0
37,109,0
142,72,0
90,159,0
177,65,0
156,85,0
59,141,0
118,54,0
17,65,0
178,113,0
39,76,0
162,192,0
163,78,0
148,134,0
8,91,0
20,2,0
156,170,0
110,109,0
97,139,0
46,113,0
85,185,0
98,85,0
62,56,0
69,90,0
170,165,0
12,12,0
3,98,0
122,38,0
18,150,0
178,90,0
175,16,0
136,185,0
115,40,0
30,42,0
148,44,0
51,29,0
162,148,0
21,158,0
180,187,0
83,68,0
125,43,0
82,78,0
40,23,0
24,175,0
170,146,0
157,144,0
162,26,0
22,40,0
132,72,0
145,180,0
119,2,0
148,186,0
179,170,0
39,98,0
9,127,0
63,10,0
19,190,0
21,171,0
107,72,0
98,164,0
116,162,0
135,106,0
177,85,0
68,56,0
173,97,0
115,142,0
65,153,0
92,69,1
81,124,0
164,120,0
162,74,0
155,182,1
154,111,0
57,60,0
35,128,0
13,36,0
98,143,0
41,42,0
171,59,0
92,91,0
138,117,0
96,174,0
110,135,0
27,130,0
97,36,0
65,16,0
78,119,0
127,32,0
58,71,0
28,193,0
32,185,0
105,123,0
158,11,0
115,182,0
165,11,0
98,179,0
152,186,0
172,60,0
34,19,0
125,122,0
28,182,0
48,121,0
18,125,0
158,19,0
150,85,0
154,114,0
49,176,0
95,65,0
104,103,0
30,114,0
72,186,0
179,29,0
175,8,0
58,67,0
166,145,0
99,18,0
65,163,0
158,47,0
175,18,0
4,57,0
156,59,0
41,97,0
97,116,0
20,139,0
142,119,0
137,177,0
92,100,0
159,87,0
152,130,0
150,83,0
11,161,0
107,105,0
147,103,0
161,168,0
107,81,0
113,111,0
40,68,0
55,147,0
166,182,0
34,84,0
1,50,0
94,165,0
57,111,0
55,161,0
146,140,0
60,186,0
71,66,0
142,114,0
10,52,0
69,173,0
88,120,0
166,131,0
133,168,0
21,139,0
63,169,0
35,3,0
3,191,0
45,31,0
91,134,0
29,22,0
42,134,0
17,187,0
20,90,0
177,131,0
76,71,0
88,63,0
158,8,0
179,140,0
112,3,0
161,191,0
106,164,0
135,151,0
25,157,0
24,9,0
66,117,0
36,25,0
180,127,0
8,122,0
145,98,0
165,165,0
145,97,0
80,147,0
96,178,0
180,86,0
25,74,0
142,165,0
56,190,0
172,128,0
67,187,0
164,46,0
35,82,0
39,177,0
37,165,0
86,136,0
132,177,0
29,53,0
136,16,0
44,29,1
44,127,0
12,108,0
111,34,0
137,184,0
88,151,0
131,44,1
154,40,0
105,152,0
135,71,0
155,156,0
172,155,0
177,158,0
79,188,0
47,37,0
148,183,0
91,98,0
45,183,0
147,172,0
66,184,0
150,188,0
165,35,0
105,169,0
178,187,0
33,141,0
68,184,0
82,52,0
62,187,0
101,121,0
99,150,0
42,25,0
56,108,0
153,175,0
167,114,0
14,42,0
61,25,0
91,191,1
74,23,1
151,129,0
74,128,0
149,95,1
169,73,0
167,85,0
70,72,0
180,123,0
156,161,0
8,115,0
159,10,0
90,118,0
24,39,0
37,2,0
58,186,0
83,48,0
84,43,0
11,117,0
91,3,0
71,81,0
106,68,0
172,117,0
118,144,0
132,169,0
159,16,0
180,182,0
35,54,0
65,20,0
176,53,0
122,157,0
5,22,0
17,151,0
43,131,0
33,187,0
82,176,0
67,179,0
69,66,0
39,70,0
13,47,0
33,153,0
120,5,0
178,78,0
138,175,1
78,161,0
106,137,0
98,129,0
124,74,0
81,43,0
2,3,0
87,94,0
91,126,0
40,111,0
162,117,0
177,152,0
128,6,0
118,129,0
67,140,0
171,145,0
58,38,0
37,177,0
22,16,0
3,11,0
78,151,0
16,89,0
74,27,0
27,87,0
9,164,0
99,34,0
166,193,0
176,69,0
158,49,0
94,60,0
37,10,0
20,112,0
100,60,0
98,180,0
67,99,0
17,193,0
88,160,0
8,159,0
167,90,0
53,113,0
148,173,0
92,80,0
151,127,0
56,152,0
161,135,0
120,135,0
19,130,0
80,125,0
178,182,0
117,89,0
10,149,0
147,104,0
77,126,0
87,37,0
108,190,0
168,85,0
53,26,0
102,125,0
118,141,0
39,120,0
167,19,0
165,94,0
179,37,0
107,179,0
178,47,0
151,180,0
106,112,0
166,158,0
53,147,0
36,121,0
61,153,0
12,76,0
6,116,0
129,168,0
59,106,0
107,141,0
56,32,0
84,138,0
154,96,0
57,185,0
83,94,0
126,166,0
3,22,0
45,160,0
147,27,0
121,167,0
50,116,0
84,144,0
14,77,0
98,148,0
97,178,0
150,165,0
174,148,0
7,82,0
175,131,0
38,70,0
108,165,0
171,18,0
94,135,0
49,158,0
25,82,0
74,65,0
158,147,0
155,150,0
147,63,0
170,109,0
61,99,0
150,139,0
91,74,0
72,128,0
71,34,0
119,68,0
16,63,0
72,135,0
151,136,0
60,161,0
95,21,0
126,18,1
93,170,0
171,21,0
155,180,0
74,39,0
128,112,0
146,93,0
16,117,0
85,21,0
101,142,0
151,190,0
178,39,0
2,159,0
128,99,0
92,129,0
159,46,0
125,25,0
73,28,0
33,128,0
145,52,0
109,14,0
134,175,0
140,153,0
161,12,0
139,168,0
64,123,0
61,39,0
91,161,0
51,145,0
87,50,0
165,164,0
168,127,0
53,188,0
176,146,0
47,54,0
33,32,0
152,5,0
72,76,0
6,76,0
43,81,0
98,21,0
161,37,0
180,172,0
101,91,0
165,173,0
171,149,0
27,41,0
177,141,0
145,129,0
62,165,0
81,94,0
119,158,0
26,32,0
94,129,0
57,95,0
128,35,0
27,16,0
77,112,0
82,12,0
131,55,0
113,156,0
74,192,0
161,4,0
11,153,0
13,47,0
174,102,0
109,97,0
36,21,0
14,117,0
69,167,0
84,67,0
46,157,0
19,11,0
175,94,0
102,5,0
103,84,0
138,96,0
109,98,0
170,56,0
42,7,0
156,22,0
35,59,0
88,74,0
57,153,0
49,6,0
178,187,0
81,167,0
138,7,0
106,86,0
168,164,0
153,144,0
151,88,0
141,107,0
104,175,0
91,127,0
116,177,0
165,14,0
81,133,0
121,76,0
137,44,0
168,5,0
147,116,0
141,17,0
97,54,0
140,61,0
1,39,0
38,141,0
109,77,0
19,107,0
37,132,0
151,42,0
63,102,0
27,23,0
159,147,0
22,135,0
77,18,0
14,169,0
110,65,0
54,172,0
52,136,0
44,29,1
148,10,0
8,164,0
130,54,0
142,26,0
67,134,0
56,39,0
156,43,0
94,4,0
47,170,0
147,108,0
12,74,0
18,180,0
43,42,0
137,69,0
125,77,0
72,59,0
41,11,0
8,156,0
136,150,0
10,127,0
74,100,0
162,154,0
106,190,0
176,136,0
148,2,0
89,53,0
118,34,0
110,177,0
115,8,0
32,54,0
100,129,0
48,134,0
79,179,0
152,191,0
89,109,0
11,25,0
83,111,0
133,131,0
19,182,0
63,41,0
107,27,0
118,45,0
114,41,0
52,65,0
127,46,0
59,72,0
42,7,0
133,56,0
109,192,1
170,186,0
17,166,0
55,107,0
110,25,0
92,11,0
150,177,0
69,53,0
143,39,1
26,138,0
102,39,0
161,40,0
92,69,1
151,92,0
109,146,0
41,88,0
78,80,0
12,23,0
146,183,0
7,80,0
16,53,0
140,167,0
172,52,0
6,109,0
147,45,0
66,72,0
72,47,0
24,8,0
21,72,0
161,138,0
153,122,0
175,21,0
28,100,0
50,61,0
46,156,0
89,114,0
126,18,1
6,155,0
164,32,0
21,42,0
129,120,0
127,108,0
1,12,0
1,16,0
15,6,0
155,58,0
121,141,0
146,15,0
59,32,0
94,37,0
75,117,0
33,43,0
116,74,0
102,60,0
171,62,0
144,119,0
56,103,0
108,24,0
170,138,0
8,169,0
120,174,0
60,46,0
168,147,0
167,155,0
174,70,0
111,141,0
47,80,0
11,141,0
51,59,0
178,185,0
143,83,0
83,188,0
87,155,0
119,64,0
25,178,0
3,146,0
92,121,0
170,3,0
16,180,0
21,136,0
27,12,0
159,61,0
161,110,0
58,189,0
107,92,0
91,22,0
163,162,0
69,83,0
28,192,0
46,104,0
176,154,0
165,6,0
38,111,0
149,42,1
132,84,0
133,80,0
88,105,0
58,56,0
140,79,0
28,97,0
63,80,0
170,7,0
112,47,0
36,150,0
130,190,0
125,189,0
12,65,0
173,137,0
1,157,0
47,60,0
76,188,0
111,9,0
112,10,0
95,105,0
49,9,0
1,148,0
31,108,0
67,84,0
4,78,0
153,126,0
75,39,0
39,32,0
74,193,0
80,79,0
35,185,0
21,140,0
61,36,0
29,185,0
107,152,0
37,21,0
112,99,0
68,164,0
175,126,0
8,166,0
119,153,0
64,82,0
73,99,0
132,171,0
138,82,0
131,150,1
39,178,0
166,19,0
17,30,0
123,109,0
154,185,0
148,141,0
170,178,0
84,188,0
140,127,0
148,69,0
28,80,0
99,23,0
62,1,0
114,100,0
3,11,0
47,186,0
140,133,0
175,124,0
35,67,0
148,33,0
102,151,0
10,186,0
90,63,0
63,189,0
95,160,1
102,167,1
171,49,0
65,2,0
42,101,0
58,40,0
163,28,0
13,154,0
69,186,0
48,93,0
14,48,0
91,70,1
161,78,0
32,85,0
1,23,0
32,157,0
171,105,0
78,56,0
84,178,0
131,130,0
119,12,0
3,32,0
119,188,0
59,120,0
113,94,0
51,119,0
23,78,0
54,48,0
46,95,0
161,82,0
70,157,0
6,78,0
49,30,0
116,127,0
8,98,1
9,166,0
164,182,0
36,38,0
143,130,0
58,85,0
7,190,0
29,9,0
127,65,0
145,142,0
65,181,0
58,137,0
55,160,0
72,120,0
48,47,0
110,98,0
121,124,0
74,1,0
47,69,0
91,78,0
92,19,0
50,65,0
2,131,0
26,189,0
136,79,0
92,112,0
160,11,0
37,73,0
7,81,0
30,54,0
117,98,0
81,85,0
176,126,0
23,83,0
92,120,0
37,23,0
1,46,0
150,37,0
52,119,0
85,50,0
51,154,0
1,69,0
43,179,0
140,189,0
99,144,0
157,86,0
46,89,0
129,37,0
49,176,0
1,147,0
66,166,0
13,136,0
171,147,0
119,193,0
166,105,0
150,162,0
12,135,0
93,76,0
123,100,0
54,192,0
1,97,0
77,47,0
159,132,0
35,34,0
89,67,0
40,28,0
25,60,0
119,139,0
37,170,0
11,149,0
45,136,0
175,109,0
19,59,0
97,108,0
109,40,0
122,86,0
25,169,0
81,53,0
12,38,0
139,158,0
171,20,0
5,83,0
32,64,0
85,94,0
117,174,0
37,137,0
56,100,0
19,170,0
155,116,0
27,46,0
170,49,0
111,69,0
66,102,0
45,157,0
155,66,0
140,44,0
4,83,0
156,119,0
28,1,0
109,178,0
90,97,0
112,41,0
10,70,0
176,28,0
169,99,0
108,122,0
175,193,0
9,101,0
130,149,0
59,49,0
142,16,0
172,157,0
29,5,0
12,144,0
150,144,0
156,3,0
43,144,0
25,124,0
120,76,0
127,148,0
9,34,0
97,155,0
127,6,0
155,183,0
179,79,0
14,80,0
20,20,0
23,140,0
150,50,0
68,114,0
77,189,0
133,167,0
100,153,0
20,180,0
109,129,0
158,69,0
137,68,0
137,127,0
45,98,0
77,54,0
110,181,0
105,187,0
162,97,0
159,45,0
29,22,0
27,39,0
137,6,0
28,67,0
143,117,0
76,45,1
172,75,0
15,38,0
144,120,0
87,119,0
140,186,0
172,168,0
40,187,0
127,173,0
79,62,0
103,157,0
4,59,0
53,24,0
49,125,0
167,6,0
165,180,0
77,1,0
44,111,0
127,139,0
78,94,0
95,189,0
87,77,0
70,8,0
162,57,0
94,99,0
135,139,0
142,33,0
60,171,1
58,91,0
165,166,0
136,130,1
159,177,0
118,152,0
64,89,0
114,54,0
131,56,0
25,86,0
160,51,0
140,145,0
19,49,0
13,67,0
144,188,0
5,33,0
101,178,0
179,70,0
8,39,0
12,121,0
66,147,0
97,58,0
83,48,0
143,118,0
23,170,0
63,148,0
65,34,0
77,34,0
94,52,0
61,93,0
2,115,0
163,176,0
65,142,0
128,104,0
105,99,0
63,107,0
115,72,0
131,21,0
33,95,0
165,34,0
140,68,0
6,185,0
116,122,0
109,134,0
55,156,0
26,167,0
34,121,0
49,10,0
111,67,0
62,90,0
163,148,0
17,105,0
164,58,0
65,96,0
146,49,0
117,113,0
108,118,0
71,83,0
57,88,0
35,7,0
75,82,0
137,148,0
123,43,0
3,60,0
87,67,0
119,55,0
32,185,0
34,124,0
58,128,0
74,71,0
126,183,0
172,5,0
172,134,0
42,28,0
116,166,0
111,13,0
76,32,0
121,176,0
23,39,0
108,42,0
155,13,0
21,70,0
26,127,0
12,53,0
147,73,0
49,161,0
174,27,0
91,107,0
40,126,0
6,74,0
111,191,0
33,146,0
167,90,0
109,84,0
158,127,0
5,94,0
49,153,0
157,150,0
51,49,0
6,36,0
147,131,0
57,10,0
170,99,0
47,58,0
90,118,0
76,110,0
130,151,0
86,4,0
98,111,0
155,26,0
98,54,0
68,54,0
168,95,0
58,128,0
165,78,0
144,193,0
2,18,0
37,91,0
147,78,0
42,5,0
156,108,0
133,141,0
13,138,0
144,190,0
128,35,0
164,147,0
164,112,0
49,167,0
129,32,0
92,125,0
82,9,0
68,74,0
170,182,0
96,53,0
74,56,0
34,41,0
85,42,0
20,176,0
20,58,0
48,46,0
109,128,0
78,106,0
79,164,0
133,110,0
66,79,0
110,86,0
135,70,0
80,38,0
100,106,0
123,56,0
23,83,0
114,135,0
105,113,0
13,50,0
97,148,0
18,100,0
89,31,0
140,109,0
17,55,0
12,117,0
39,159,0
108,91,0
167,80,0
142,60,0
17,36,0
45,102,0
93,83,0
113,103,0
64,156,0
133,174,0
68,49,0
135,162,0
159,154,0
8,182,1
143,107,0
171,124,0
22,181,0
180,72,0
75,38,0
146,117,0
172,90,0
88,50,0
55,137,0
3,165,0
108,53,0
41,131,0
103,19,0
155,76,0
74,123,0
27,61,0
116,110,0
69,77,0
125,51,0
31,98,0
148,140,0
20,98,0
64,89,0
2,88,0
26,69,0
128,94,0
144,48,0
58,46,0
84,41,0
9,52,0
120,111,0
178,32,0
96,75,0
71,156,0
89,160,0
42,43,0
140,86,0
91,40,0
105,88,0
152,98,0
46,124,0
2,127,0
33,63,0
14,171,0
173,134,0
145,88,0
153,105,0
102,50,0
40,172,0
28,22,0
140,28,0
119,113,0
46,75,0
123,132,0
91,83,0
70,111,0
110,71,0
130,135,0
23,66,0
160,46,0
41,47,0
141,17,0
75,152,0
65,83,0
83,127,0
62,122,0
136,73,0
109,89,0
171,19,0
95,175,0
71,126,0
15,156,0
64,170,0
137,104,0
53,127,0
31,157,0
95,102,0
79,143,0
118,157,0
85,64,0
108,134,0
14,110,0
169,154,0
122,65,0
43,182,0
72,184,0
58,134,0
44,87,0
171,49,0
130,81,0
91,169,1
67,9,0
24,146,0
15,126,0
105,62,0
137,140,0
52,142,0
34,151,0
70,132,0
25,64,0
155,180,0
151,37,1
148,59,0
137,71,0
11,158,0
63,116,0
93,11,0
55,137,0
67,144,0
32,167,0
9,172,0
105,189,0
139,163,0
162,22,0
156,132,0
151,135,0
72,20,0
131,68,1
81,88,0
143,72,0
48,113,0
59,96,0
45,101,0
12,29,0
175,77,0
38,152,0
17,184,1
91,50,1
48,90,0
131,75,1
32,73,0
167,57,0
63,19,0
2,97,0
7,8,0
78,138,0
127,94,0
25,16,0
109,34,0
63,101,0
59,60,0
72,64,0
146,175,0
135,128,0
20,32,0
10,129,0
83,186,0
160,192,0
116,24,0
47,188,0
31,95,0
82,142,0
28,125,0
175,148,0
61,136,0
175,145,0
42,133,0
93,19,0
85,34,0
102,115,0
166,94,0
135,182,1
68,61,0
53,108,0
33,183,0
26,118,0
67,89,0
29,91,0
96,19,0
162,14,0
153,174,0
132,32,0
59,6,0
125,145,0
53,95,0
66,84,0
44,66,0
118,60,0
112,96,0
172,55,0
138,44,0
156,160,0
115,91,0
24,17,0
64,85,0
139,136,0
71,165,0
35,11,0
22,105,0
61,169,0
153,46,0
7,162,0
147,167,0
51,143,0
23,151,0
65,130,0
52,52,0
18,108,0
98,105,0
160,94,0
129,61,0
163,186,0
91,58,0
4,143,0
157,91,0
29,25,0
4,131,0
6,150,0
34,167,0
24,171,0
158,109,0
112,132,0
36,193,0
113,85,0
142,93,0
13,80,0
69,112,0
43,11,0
41,17,0
155,119,0
149,88,0
172,26,0
132,52,0
124,154,0
2,21,0
118,97,0
148,185,0
176,65,0
49,86,0
146,25,0
24,171,0
98,105,0
99,104,0
155,142,0
41,26,0
110,147,0
46,133,0
2,98,0
29,176,0
116,107,0
97,37,1
23,147,0
140,26,0
173,62,0
26,6,0
156,53,0
123,154,0
33,95,0
32,129,0
151,92,0
171,37,0
3,20,0
142,54,0
157,56,0
23,39,0
169,169,0
167,129,0
33,180,0
94,1,0
151,145,0
65,98,0
142,43,0
70,138,0
140,9,0
45,156,0
157,138,0
101,90,1
12,176,0
23,165,0
45,128,0
127,30,0
174,79,0
32,113,0
150,32,0
50,147,0
57,27,0
60,77,0
74,48,0
96,20,0
98,31,0
167,45,0
113,29,0
88,117,0
35,53,0
60,145,0
34,30,0
54,112,0
163,38,0
159,86,0
99,158,0
82,46,0
69,159,0
86,144,0
179,151,0
146,114,0
16,174,0
113,34,0
53,11,0
52,59,0
163,81,0
28,112,0
14,45,0
74,150,0
90,18,0
3,166,0
83,179,0
38,146,0
97,133,0
95,91,0
164,49,0
33,140,0
109,34,0
162,50,0
175,149,0
116,123,0
37,134,0
87,183,0
37,105,0
148,174,0
128,78,0
65,36,0
140,31,0
14,7,0
159,35,0
135,168,0
20,57,0
45,88,0
111,115,0
15,102,0
121,80,0
37,142,0
79,71,0
147,68,0
174,191,0
178,7,0
109,167,0
62,144,0
82,52,0
58,104,0
160,85,0
127,193,0
106,122,0
92,17,0
72,13,0
33,117,0
126,107,0
179,172,0
89,157,0
85,139,0
30,38,0
175,126,0
139,12,0
134,140,0
142,30,0
10,118,0
55,76,0
64,185,0
180,183,0
178,29,0
9,20,0
57,174,0
127,88,0
118,119,0
163,11,0
57,138,0
64,119,0
1,127,0
105,36,0
90,134,0
180,116,0
156,144,0
167,5,0
5,81,0
53,133,0
50,144,0
52,102,0
114,17,0
67,13,0
172,30,0
10,188,0
140,150,0
63,2,0
86,14,0
116,33,0
47,3,0
82,42,0
167,191,0
162,134,0
63,157,0
51,3,0
83,45,0
22,169,0
174,76,0
94,60,0
76,83,0
9,182,1
98,9,0
149,148,0
54,104,0
25,92,0
26,119,0
119,61,0
1,59,0
153,69,0
134,147,0
5,48,0
37,35,0
133,88,0
46,81,0
96,39,0
60,23,0
127,124,0
90,111,0
143,59,0
154,31,0
58,53,0
29,149,0
105,23,0
126,191,0
179,35,0
148,186,0
39,126,0
139,76,0
24,65,0
115,16,0
76,187,0
33,89,0
105,76,0
117,191,0
63,176,0
113,171,0
83,136,0
36,102,0
24,71,0
44,142,0
179,160,0
105,38,0
108,63,0
27,63,0
10,76,0
155,71,0
32,177,1
29,42,0
53,25,0
91,21,0
7,181,0
123,93,0
67,136,0
46,15,0
73,96,0
177,146,0
12,9,0
8,54,0
62,143,0
9,57,0
7,60,0
160,31,0
135,178,0
13,6,0
126,158,0
82,73,0
139,140,0
25,117,0
80,3,0
129,15,0
15,158,0
125,152,0
89,142,0
105,109,0
164,47,0
89,107,0
126,187,0
30,173,0
95,126,0
131,59,1
175,148,0
123,118,0
100,76,0
9,46,0
59,43,0
68,66,0
95,83,0
64,47,0
36,67,0
92,75,0
39,27,0
72,97,1
5,76,0
21,144,0
156,162,0
162,90,0
31,94,0
122,153,0
126,67,0
167,77,0
180,185,0
77,150,0
9,119,0
173,176,0
120,13,0
117,46,0
143,107,0
38,119,0
78,151,0
145,146,0
155,53,0
20,6,0
11,171,0
158,186,0
107,163,0
175,131,0
6,126,0
28,54,0
163,106,0
174,173,0
49,32,0
75,7,0
84,83,0
117,163,0
173,53,0
126,170,0
78,113,0
95,69,0
133,46,0
102,95,0
160,6,0
53,174,0
72,96,0
90,73,0
21,14,0
122,45,0
8,66,0
1,86,0
124,185,0
2,116,0
58,61,0
77,145,0
169,116,0
23,51,0
8,174,0
63,57,0
119,188,0
74,180,0
65,62,0
147,123,0
10,168,0
104,31,0
16,74,0
63,149,0
24,5,0
92,167,0
58,39,0
74,65,0
9,192,0
115,99,0
72,65,0
8,151,0
178,31,0
80,35,0
144,63,0
109,86,0
115,67,0
36,131,0
158,42,0
85,124,0
159,150,0
132,75,0
10,175,0
133,2,0
140,67,0
100,59,0
28,107,0
59,187,0
107,144,0
28,101,0
13,69,0
53,32,0
118,62,0
130,45,0
46,23,0
38,141,0
127,18,0
75,171,0
65,99,0
94,76,0
63,29,0
74,172,0
29,49,0
152,116,0
149,146,0
140,25,0
45,71,0
23,162,0
49,107,0
55,1,0
104,141,0
53,109,0
49,107,0
94,158,0
20,167,0
130,48,0
151,74,0
173,81,0
153,73,0
171,153,0
48,55,0
131,107,0
39,189,0
57,84,0
80,139,0
75,28,0
143,160,0
93,28,0
52,77,0
1,146,0
18,106,0
96,145,0
108,177,0
8,1,0
128,182,0
84,180,0
10,167,0
18,27,0
145,159,0
81,57,0
157,99,0
129,37,0
14,41,0
169,52,0
83,107,0
90,79,0
113,40,0
130,61,0
12,98,0
3,133,0
144,76,0
180,159,0
84,10,0
179,178,0
169,142,0
130,52,0
95,22,0
70,173,0
178,148,0
70,182,0
156,36,0
77,68,0
48,71,0
51,29,0
62,100,0
40,64,0
126,172,0
55,125,0
148,99,0
147,35,0
67,2,0
119,157,0
76,130,0
59,23,0
53,181,0
50,48,0
53,62,0
104,34,0
66,187,0
148,146,0
143,30,0
112,75,0
111,50,0
74,20,0
164,117,0
101,127,0
86,177,0
79,101,0
139,31,0
118,154,0
110,10,0
40,168,0
90,13,0
152,29,0
113,34,0
82,17,0
127,129,0
84,52,0
103,89,0
35,89,0
140,45,0
102,63,0
27,68,0
174,22,0
111,188,0
173,82,0
167,88,0
20,186,0
156,136,0
135,56,0
82,131,0
158,177,0
43,19,0
32,115,0
180,152,0
10,95,0
16,6,0
175,60,0
119,186,0
132,7,1
172,119,0
165,11,0
173,5,0
160,38,0
101,82,0
148,89,0
20,60,0
110,81,0
1,89,0
106,74,0
11,60,0
58,123,0
29,18,0
57,17,0
63,114,0
90,128,0
165,151,0
158,167,0
47,42,0
80,193,0
73,32,0
100,53,0
35,133,0
88,24,0
161,41,0
68,1,0
149,96,0
107,177,0
51,152,0
164,105,0
18,116,0
55,12,0
121,174,0
173,6,1
126,72,0
36,149,0
82,151,0
81,137,0
87,70,0
53,190,0
44,6,0
175,93,0
82,127,0
67,133,0
169,179,0
84,38,0
52,141,0
58,55,0
77,177,0
1,152,0
160,2,0
90,143,0
39,89,0
164,105,0
19,37,0
155,53,0
150,160,0
108,121,0
95,159,1
169,39,0
109,181,0
174,158,0
156,157,0
173,191,0
78,85,0
103,29,0
159,168,0
103,67,0
7,8,0
76,7,0
22,143,0
66,31,0
165,150,0
11,161,0
45,112,0
4,21,0
29,21,0
108,188,0
86,81,0
81,20,0
106,144,0
16,125,0
40,46,0
12,163,0
6,114,0
6,89,0
146,34,0
33,148,0
13,165,0
72,4,0
97,24,0
26,25,0
81,187,0
129,169,0
160,178,0
97,68,0
180,131,0
44,99,0
67,126,0
142,69,0
133,172,1
34,180,0
146,106,0
109,67,0
11,29,0
11,58,0
73,128,0
68,112,0
57,180,0
90,10,0
34,92,0
88,112,0
11,38,0
32,95,0
61,47,0
145,126,0
85,158,0
72,1,0
111,116,0
4,41,0
179,26,0
81,57,0
7,93,0
61,174,0
79,46,0
165,146,0
131,62,1
117,133,0
117,100,0
58,184,0
89,164,0
63,187,0
93,83,0
116,61,0
153,63,0
79,96,0
155,105,0
149,180,0
59,123,0
25,191,0
43,15,0
43,122,0
50,63,0
135,171,1
45,80,0
57,27,0
164,183,0
70,151,0
112,27,1
101,80,0
88,55,0
9,29,0
12,97,0
81,185,0
106,58,0
35,118,0
70,23,0
124,173,0
3,137,0
176,55,0
32,45,1
47,79,0
32,136,0
12,174,0
81,128,0
34,68,0
123,147,0
42,65,0
58,175,0
32,39,0
67,168,0
95,115,0
108,97,0
153,82,0
43,122,0
5,78,0
125,30,0
116,177,0
131,73,0
146,96,0
133,115,0
110,172,0
99,157,0
142,10,0
125,3,0
83,28,0
33,10,0
28,159,0
167,150,0
84,86,0
162,104,0
62,86,0
85,174,0
5,89,0
150,60,0
18,47,0
26,71,0
32,170,0
86,131,0
110,144,0
26,99,0
164,116,0
121,108,0
173,107,0
53,191,0
1,13,0
180,135,0
136,119,0
147,137,0
25,103,0
154,37,0
84,119,0
167,189,0
106,184,0
73,114,0
126,191,0
5,103,0
35,59,0
66,170,0
17,152,0
166,155,0
147,19,0
77,97,0
176,87,0
141,51,0
137,169,0
25,37,0
67,16,0
24,52,0
107,193,0
135,5,0
145,14,0
3,95,0
42,117,0
174,100,0
46,163,0
110,45,0
121,141,0
137,103,0
127,80,0
37,122,0
81,179,0
33,73,1
143,132,0
16,144,0
125,96,0
18,150,0
80,125,0
167,24,0
149,80,0
158,160,0
56,59,0
41,170,0
132,78,0
126,183,0
81,141,0
125,186,0
4,86,0
139,138,0
3,26,0
113,187,0
70,174,0
154,122,0
43,151,0
107,150,0
126,96,0
158,117,0
45,22,0
133,109,0
136,184,0
2,46,0
165,3,0
130,16,0
156,123,0
112,20,0
158,16,0
151,36,1
81,64,0
21,8,0
24,154,0
59,61,0
56,182,0
84,34,0
74,130,0
62,90,0
1,95,0
177,3,0
48,116,1
28,180,0
174,18,0
16,93,0
156,132,0
99,136,1
175,11,0
103,18,0
88,11,0
102,129,0
153,154,0
60,157,0
156,9,0
179,115,0
63,78,0
67,130,0
10,171,0
119,33,0
93,31,1
56,132,0
73,14,0
65,14,0
142,82,0
32,159,0
141,72,0
62,118,0
91,67,0
147,98,0
16,66,0
54,174,0
99,20,1
48,110,0
167,125,0
66,15,0
88,128,0
128,40,0
103,2,0
7,59,0
86,17,0
103,144,0
148,177,0
10,58,0
114,154,0
68,161,0
171,40,0
174,148,0
93,121,0
146,63,0
120,16,0
47,47,0
10,139,0
56,133,0
162,152,0
33,13,0
62,47,0
62,93,0
29,190,0
98,152,0
162,168,0
93,38,0
110,90,0
125,70,0
84,39,0
41,115,0
143,101,0
158,6,0
121,32,0
161,14,0
138,185,1
135,85,0
83,16,0
86,169,0
178,75,0
128,132,0
3,18,0
93,144,0
47,18,0
100,23,0
112,191,0
173,10,0
78,136,0
116,109,0
17,93,0
114,157,0
107,184,0
44,128,0
2,11,0
100,72,0
147,46,0
121,10,0
49,103,0
42,57,0
86,10,0
169,122,0
170,147,0
75,72,0
69,126,0
61,34,0
73,6,0
68,137,0
93,146,0
117,165,0
101,100,0
90,94,0
3,100,0
52,163,0
69,159,0
143,138,0
14,185,0
82,182,0
13,72,0
58,4,0
28,153,0
3,124,0
112,7,0
163,58,0
42,82,0
72,4,0
20,136,0
78,71,0
104,69,0
3,101,0
125,159,0
144,107,0
73,145,0
80,33,0
63,168,0
78,50,0
89,105,0
103,182,0
72,76,0
5,151,0
132,162,0
9,36,0
29,12,0
49,25,0
113,189,0
43,20,0
75,125,0
49,13,0
173,27,0
136,123,0
141,11,0
170,67,0
142,168,0
37,1,0
152,51,0
94,9,1
155,151,0
53,142,0
80,165,0
142,142,0
140,113,0
162,64,0
173,115,0
84,85,0
13,76,0
83,181,0
54,111,0
37,190,0
92,53,0
140,144,0
155,3,0
132,169,0
65,107,0
149,51,0
154,95,0
100,64,0
101,169,1
48,100,0
9,31,0
105,174,0
98,6,0
148,130,0
136,108,0
32,148,0
12,114,0
138,188,0
68,39,0
99,87,0
180,125,0
112,104,0
89,41,0
162,87,0
91,53,0
119,5,0
15,100,0
24,12,0
72,21,0
101,187,0
177,188,0
108,186,0
1,48,0
26,108,0
167,52,0
60,66,0
38,158,0
20,184,0
94,159,0
87,65,0
46,68,0
28,132,0
112,92,0
61,154,0
85,71,0
134,62,0
78,141,0
161,136,0
80,87,0
46,94,0
113,86,0
65,25,0
155,14,0
170,31,0
120,111,0
20,86,0
107,30,0
4,28,0
180,121,0
10,124,0
168,6,0
130,88,0
70,38,0
33,56,0
67,120,0
45,118,0
28,77,0
89,182,0
129,119,0
117,43,0
13,183,0
63,145,0
175,80,0
20,154,0
125,163,0
78,89,0
162,48,0
18,162,0
96,15,0
174,81,0
110,92,0
176,85,0
53,18,1
180,47,0
40,129,0
109,44,0
164,147,0
140,41,0
81,177,0
151,64,0
87,11,0
78,24,0
16,88,0
51,67,0
165,65,0
164,26,0
26,44,0
90,149,0
157,133,0
129,144,0
71,117,0
169,129,0
57,58,0
108,26,0
152,72,0
17,76,0
53,189,0
65,113,0
22,193,0
109,58,0
56,184,0
96,27,0
130,161,0
160,170,0
159,74,0
69,48,0
79,98,0
158,62,0
164,88,0
168,169,0
83,183,0
132,36,0
41,121,0
167,122,0
129,43,0
88,120,0
23,82,0
130,58,0
111,18,0
64,129,0
118,95,0
42,156,0
121,120,0
138,166,0
132,41,0
101,70,0
151,161,0
146,100,0
77,132,0
84,14,0
179,157,0
179,130,0
84,59,0
163,105,0
116,115,0
90,53,0
74,108,0
87,171,0
29,158,0
142,180,0
141,150,0
65,66,0
75,53,0
163,127,0
142,130,0
60,63,0
170,132,0
128,141,0
124,113,0
43,29,0
165,51,0
52,110,0
24,90,0
19,77,0
93,2,0
17,34,0
71,96,0
40,51,0
122,143,0
30,104,0
176,29,0
146,27,0
65,116,0
87,178,0
57,176,0
54,43,0
152,120,0
71,104,0
159,167,0
150,11,0
52,29,0
43,185,0
161,44,0
30,164,0
112,84,0
63,100,0
4,188,0
118,67,0
174,192,0
75,94,0
137,46,0
132,182,0
77,75,0
81,86,0
165,111,0
51,147,0
142,59,0
2,112,0
48,146,0
9,167,0
87,19,0
150,90,0
59,137,0
69,91,0
162,96,0
76,44,0
178,39,0
39,120,0
52,35,0
116,16,0
82,13,0
62,114,0
59,95,0
62,159,0
157,129,0
139,71,0
48,4,0
49,39,0
70,191,0
129,141,0
107,192,0
108,30,0
103,155,0
67,177,0
84,78,0
123,99,0
83,148,0
62,147,0
58,133,0
106,109,0
162,190,0
172,10,0
51,106,0
59,173,0
20,20,0
146,125,0
171,139,0
147,110,0
61,39,0
64,13,0
20,145,0
113,49,0
37,25,0
38,163,0
136,116,1
18,62,0
6,78,0
8,32,0
161,124,0
144,21,0
58,168,0
77,130,0
133,52,0
29,170,0
62,115,0
151,90,0
79,38,0
154,86,0
114,142,0
18,78,0
29,96,0
12,75,0
154,33,0
92,61,1
18,118,0
59,185,0
115,46,0
136,4,0
168,66,0
63,30,0
106,112,0
118,188,0
14,25,0
11,114,0
6,13,0
85,193,0
118,115,0
14,120,0
83,145,0
118,160,0
174,135,0
25,154,0
71,99,0
96,127,0
62,112,0
164,93,0
148,101,0
178,30,0
118,10,0
165,179,0
81,42,0
148,151,0
74,102,0
61,169,0
83,34,0
117,83,0
135,21,0
21,26,0
42,70,0
87,8,1
94,192,0
156,171,0
15,150,0
68,77,0
119,100,0
14,10,0
134,84,0
15,136,0
136,75,0
122,171,0
30,32,0
140,18,0
141,64,0
30,116,0
137,41,0
132,104,0
106,163,0
104,17,0
55,68,0
73,22,0
141,128,0
87,150,0
53,143,0
115,175,0
156,145,0
13,125,0
134,53,0
180,153,0
147,134,0
48,13,0
156,148,0
122,156,0
83,42,0
40,181,0
121,68,0
120,14,0
160,171,1
82,132,0
62,162,0
150,59,0
77,18,0
116,56,0
117,38,0
172,38,0
18,98,0
157,155,0
58,29,0
25,69,0
114,51,0
155,110,0
1,75,0
167,121,0
178,37,0
87,145,0
101,50,0
21,46,0
110,88,0
143,12,0
63,14,0
95,170,0
34,61,0
115,103,0
39,36,0
171,161,0
104,74,0
79,106,0
40,7,0
105,53,0
49,133,0
156,10,0
69,59,0
17,5,0
174,16,0
16,174,0
41,155,0
117,52,0
89,159,0
133,27,0
142,97,0
23,140,0
47,56,0
28,164,0
54,14,0
93,167,0
93,174,0
180,114,0
171,108,0
174,160,0
9,193,0
100,17,0
11,39,0
59,140,0
97,169,0
54,40,0
46,13,0
59,29,0
176,60,0
135,52,0
39,122,0
41,116,0
25,17,0
76,43,0
85,167,0
152,182,0
35,134,0
66,11,0
108,119,0
170,114,0
142,55,0
44,115,0
123,189,0
14,144,0
6,105,0
127,185,0
36,162,0
79,5,0
175,88,0
48,78,0
91,1,0
23,99,0
74,172,0
87,170,0
155,128,0
154,113,0
55,38,0
113,141,0
141,118,0
91,63,0
58,182,0
2,93,0
125,59,0
127,129,0
151,122,0
3,29,0
41,141,0
63,187,0
5,50,0
124,40,0
121,42,0
74,7,0
76,105,0
103,100,0
39,184,0
34,8,0
65,83,0
20,154,0
169,24,0
25,82,0
10,1,0
72,7,0
15,22,0
152,75,0
49,26,0
163,158,0
134,15,0
28,148,0
37,69,0
147,89,0
64,8,0
76,38,0
122,143,0
114,31,0
31,24,0
125,84,0
36,45,1
2,132,0
178,144,0
75,76,0
17,85,0
97,26,0
175,77,0
157,108,0
34,2,1
44,136,0
32,165,0
14,21,0
79,136,0
161,188,0
35,70,0
22,193,0
178,128,0
37,1,0
106,23,0
100,141,0
2,130,0
130,130,0
162,46,0
176,127,0
87,184,0
24,152,0
104,52,0
165,96,0
79,136,0
161,98,0
20,165,0
44,111,0
100,111,0
28,38,0
136,31,0
37,157,0
109,141,0
139,113,0
60,150,0
144,96,0
166,60,0
90,87,0
129,34,0
30,140,0
20,152,0
16,133,0
66,53,0
143,123,0
160,126,0
110,125,0
120,126,0
75,185,0
151,98,0
47,11,0
114,32,0
114,102,0
72,175,0
43,62,0
46,170,0
156,100,0
4,136,0
99,88,0
55,171,0
106,74,0
108,23,0
41,174,0
161,85,0
2,2,0
131,109,1
47,60,0
7,119,0
37,30,0
53,121,0
104,178,0
94,168,0
77,38,0
157,193,0
154,98,0
44,183,0
38,150,0
93,59,0
83,58,0
96,169,0
156,27,1
54,141,0
93,129,0
112,95,0
124,169,0
62,64,0
39,160,0
82,175,0
68,127,0
104,171,0
36,12,0
160,84,0
53,104,0
108,92,0
111,71,0
89,159,0
151,43,0
82,115,0
132,19,0
153,191,0
108,33,0
122,152,0
164,143,0
71,83,0
7,175,0
165,11,0
172,121,0
36,102,0
46,169,0
78,35,0
14,33,0
172,22,0
6,83,0
54,125,0
126,188,0
120,138,0
60,32,0
159,24,0
126,54,0
37,91,0
152,192,0
115,73,0
145,92,0
105,129,0
48,43,0
122,31,0
92,139,0
1,82,0
101,119,0
85,132,0
74,164,0
58,79,0
55,107,0
83,88,0
114,177,0
155,142,0
115,177,0
77,133,0
48,66,0
85,21,0
32,178,0
104,78,0
19,22,0
47,95,0
103,181,0
158,189,0
48,129,0
12,56,0
105,88,0
159,189,0
178,89,0
32,19,1
111,93,0
58,28,0
146,193,0
117,175,0
108,164,0
176,77,0
44,134,0
127,149,0
156,27,1
37,143,0
166,33,0
47,86,0
76,80,0
3,159,0
73,134,0
21,137,0
155,164,0
12,145,0
90,119,0
137,31,0
151,26,0
162,157,0
12,131,0
155,159,0
66,17,0
55,32,0
142,6,0
43,111,0
96,112,0
58,186,0
133,110,0
98,39,0
19,123,0
69,128,0
8,1,0
35,121,0
92,173,0
113,151,0
85,84,0
153,173,0
11,149,0
26,23,0
50,29,0
140,103,0
23,187,0
1,129,0
112,150,0
26,157,0
67,141,0
83,108,0
75,31,0
22,66,0
92,69,1
134,189,0
60,160,0
127,157,0
97,176,0
133,106,0
152,115,0
116,146,0
14,46,0
103,138,0
76,149,0
125,85,0
166,22,0
167,109,0
173,23,0
10,65,0
173,28,0
82,32,0
131,24,0
33,103,0
22,73,0
5,52,0
59,166,0
77,107,0
173,120,0
68,151,0
155,153,0
138,139,0
80,141,0
178,50,0
72,37,0
71,5,0
140,21,0
17,190,1
113,123,0
60,146,0
164,16,0
81,146,0
129,102,0
138,189,0
24,156,0
1,103,0
86,64,0
131,187,1
49,39,0
116,163,0
144,92,0
116,16,0
170,124,0
136,170,0
160,12,0
121,107,0
11,95,0
129,43,0
53,71,0
62,91,0
176,145,0
113,106,0
175,145,0
172,37,0
21,148,0
40,87,0
134,22,0
148,48,0
44,140,0
135,96,0
125,84,0
120,4,0
134,7,0
180,92,0
80,21,0
154,93,0
53,137,0
43,52,0
61,8,0
131,95,0
140,81,0
119,190,0
125,15,0
59,35,0
163,44,0
34,108,0
67,88,0
2,116,0
110,162,0
19,82,0
72,117,0
60,131,0
173,3,0
17,136,0
16,108,0
161,111,0
167,113,0
113,163,0
5,28,0
62,7,0
40,101,0
154,121,0
98,12,0
134,101,0
57,105,0
35,152,0
155,43,0
142,149,0
149,111,0
55,179,0
76,149,0
83,34,0
113,185,0
159,28,0
22,134,0
37,189,0
164,168,0
22,5,0
51,15,0
180,82,0
82,76,0
34,14,0
74,86,0
16,85,0
146,29,0
75,115,0
113,1,1
56,146,0
6,176,0
149,99,1
30,186,0
68,18,1
125,162,0
23,125,0
164,111,0
29,72,0
176,101,0
167,167,0
110,111,0
135,81,0
125,62,0
15,54,0
166,32,0
100,103,0
143,60,0
161,49,0
90,26,0
82,23,0
58,42,0
58,191,1
162,87,0
174,181,0
43,27,0
120,98,0
27,137,0
41,153,0
2,59,0
95,93,0
166,161,0
4,17,0
172,12,0
6,39,0
178,47,0
65,34,0
115,164,0
132,124,0
169,153,0
43,116,0
45,130,0
139,187,0
85,174,0
102,112,0
133,45,0
179,71,0
166,151,0
70,128,0
144,28,0
154,87,0
93,88,0
19,48,0
93,46,0
175,163,0
43,32,0
60,91,0
130,166,0
140,8,0
4,99,0
10,93,0
86,12,0
79,135,0
156,118,0
96,170,0
61,122,0
13,71,0
122,101,0
29,162,0
143,26,0
144,166,0
126,171,0
125,4,0
22,168,0
87,76,0
23,24,0
38,105,0
34,67,0
44,142,0
127,150,0
91,160,0
51,175,0
134,61,0
28,9,0
131,79,0
70,127,0
88,87,0
116,109,0
110,91,0
37,49,0
156,185,0
171,129,0
98,78,0
41,126,0
145,25,0
80,20,0
160,74,0
72,138,0
65,175,0
13,12,0
156,140,0
46,136,0
69,176,0
8,8,0
151,131,0
168,97,0
153,51,0
11,164,0
1,127,0
156,54,0
99,52,0
62,102,0
44,89,0
107,75,0
163,48,0
94,128,1
127,186,0
33,139,0
162,118,0
22,22,0
129,183,0
104,66,0
171,110,0
2,12,0
111,96,0
82,113,0
6,120,0
143,142,0
165,110,0
151,64,0
129,43,0
74,14,0
27,20,0
127,132,0
65,183,0
4,75,0
162,186,0
163,56,0
146,159,0
92,134,0
41,137,0
46,157,0
143,187,0
4,111,0
175,186,0
46,3,0
125,170,0
11,91,0
174,70,0
178,114,0
88,22,0
66,125,0
92,143,0
124,6,0
15,159,0
46,93,0
49,182,0
60,77,0
32,190,0
132,157,0
18,15,0
104,98,0
164,38,0
23,100,0
40,142,0
145,181,0
150,77,0
26,136,0
123,128,0
137,55,0
103,11,0
123,54,0
114,153,0
69,20,0
81,168,0
38,2,0
118,142,0
106,85,0
105,145,0
89,187,0
80,140,0
100,14,0
70,163,0
8,26,0
93,46,0
77,121,0
74,56,0
172,87,0
1,22,0
23,61,0
170,107,0
107,159,0
7,47,0
95,57,0
80,125,0
82,126,0
21,180,0
123,148,0
33,150,0
85,105,0
139,41,0
132,163,0
161,36,0
155,143,0
130,46,0
23,120,0
39,1,0
64,36,0
157,184,0
24,98,0
165,99,0
92,115,0
97,88,0
123,47,0
107,121,0
52,48,0
26,184,0
48,120,0
104,117,0
32,163,0
111,109,0
7,59,0
123,73,0
174,91,0
155,108,0
146,87,0
7,45,0
71,68,0
20,84,0
92,59,0
164,84,0
107,22,0
125,163,0
74,57,0
25,93,0
52,179,0
114,89,0
75,16,0
49,124,0
109,175,0
58,160,0
130,135,0
92,73,0
118,56,0
137,87,0
97,138,0
42,116,0
139,54,0
6,16,0
161,85,0
48,171,0
152,66,0
126,176,0
68,23,0
5,31,0
100,177,0
73,180,0
58,47,0
17,14,0
10,66,0
137,76,0
129,79,0
129,147,0
155,161,0
89,188,0
90,90,0
81,87,0
47,157,0
25,159,0
126,16,0
154,114,0
176,167,0
79,109,0
149,169,0
130,33,0
130,48,0
39,4,0
11,17,0
119,41,0
51,184,0
21,90,0
109,106,0
49,11,0
110,182,0
52,110,0
12,87,0
47,135,0
79,147,0
138,87,1
10,50,0
79,157,1
168,167,0
129,141,0
10,20,0
49,53,0
2,96,0
140,9,0
147,163,0
44,116,0
16,6,0
26,177,0
118,10,0
96,176,0
8,61,0
105,41,0
15,111,0
146,170,0
125,19,0
85,42,0
126,22,0
27,104,0
130,89,0
54,97,0
2,13,0
97,83,0
107,111,0
89,127,0
120,86,0
141,160,0
90,81,0
47,145,0
116,72,0
154,16,0
2,119,0
30,193,0
159,47,0
98,12,0
146,177,0
125,93,0
116,152,0
37,119,0
163,141,0
57,116,0
112,191,0
1,109,0
156,183,0
158,72,0
122,171,0
8,48,0
85,133,0
57,65,0
155,57,0
46,117,0
66,19,0
18,176,0
57,55,0
132,126,0
71,10,0
166,62,0
93,119,0
110,130,0
79,133,0
166,87,0
89,164,0
80,72,0
92,181,0
101,173,0
119,90,0
7,130,0
91,19,0
11,138,0
112,84,0
128,162,0
123,2,0
178,183,0
153,69,0
102,157,0
72,45,0
112,130,0
151,71,0
116,109,0
114,120,0
55,25,0
83,189,0
149,99,1
173,151,0
155,64,0
39,76,0
77,123,0
10,118,0
156,80,0
30,94,0
168,47,0
168,170,0
37,131,0
114,149,0
131,50,1
154,69,0
27,173,0
70,121,1
63,90,0
33,100,0
29,156,0
25,191,0
180,141,0
41,123,0
25,48,0
30,190,0
22,176,0
167,21,0
90,66,0
39,159,0
175,83,0
135,189,0
122,109,0
85,120,0
37,104,0
60,113,0
106,92,0
53,102,0
93,188,0
2,180,0
118,76,0
10,124,0
119,180,0
168,86,0
10,157,0
125,96,0
130,128,0
140,179,0
163,9,0
136,168,0
56,25,0
118,107,0
40,134,0
89,31,0
95,151,0
76,138,0
150,139,0
6,141,0
86,118,0
128,142,0
135,64,0
67,59,0
7,189,0
8,102,0
80,70,0
140,11,0
5,173,0
71,21,0
19,88,0
120,152,0
80,142,0
134,125,0
57,20,0
103,34,0
163,150,0
126,152,0
180,107,0
90,96,0
117,86,0
112,129,0
81,142,0
137,125,0
52,94,0
13,6,0
102,74,0
131,83,1
16,23,0
174,181,0
158,71,0
159,148,0
67,157,0
74,53,0
55,173,0
131,24,0
102,180,0
27,53,0
178,4,0
57,157,0
110,183,0
56,86,0
117,130,0
105,178,0
172,138,0
142,118,0
99,182,0
91,67,0
180,32,0
114,120,0
135,71,0
16,22,0
33,47,0
170,47,0
74,55,0
139,89,0
39,163,0
169,126,0
33,21,0
41,25,0
94,119,0
28,103,0
25,187,0
67,39,0
61,10,0
136,43,0
98,1,0
31,71,0
22,184,0
107,15,0
16,173,0
39,178,0
49,146,0
134,165,0
3,85,0
129,101,0
9,94,0
80,124,0
58,168,0
124,45,0
39,80,0
64,127,0
70,7,0
45,131,0
91,18,1
130,125,0
59,41,0
165,26,0
5,31,0
13,59,1
112,80,0
99,167,0
86,87,0
123,132,0
82,47,0
179,3,0
4,17,0
105,75,0
75,27,0
148,129,0
11,96,0
53,7,0
137,137,0
66,71,0
159,139,0
16,34,0
21,29,0
176,30,0
159,80,0
139,38,0
10,52,0
122,63,0
166,52,0
42,13,0
154,69,0
175,6,0
29,187,0
18,60,0
118,69,0
23,10,0
147,86,0
6,188,0
15,69,0
141,90,0
64,109,0
61,68,0
24,44,0
11,93,0
109,1,0
157,142,0
9,58,0
155,94,0
104,189,0
124,81,0
130,133,0
139,23,0
154,6,0
82,30,0
156,110,0
161,110,0
8,180,0
145,64,0
149,110,1
67,190,0
63,69,0
19,162,0
52,51,0
77,18,0
48,11,0
53,139,0
61,154,0
40,34,0
93,172,0
153,141,0
3,7,0
9,164,0
108,187,0
24,11,0
11,22,0
78,146,0
111,116,0
173,124,0
121,173,0
85,161,0
106,129,0
143,90,0
26,118,0
91,72,0
116,61,0
42,125,0
61,32,0
158,106,0
118,152,0
89,59,0
25,1,0
159,60,0
142,131,0
23,153,0
13,154,0
37,129,0
25,130,0
137,181,0
77,56,0
172,83,0
125,5,0
102,37,0
142,158,0
24,86,0
180,121,0
5,104,0
100,31,0
112,123,0
100,126,0
93,181,0
35,22,0
141,66,0
80,149,0
92,73,0
159,131,0
139,192,0
49,131,0
43,26,0
79,74,0
46,39,0
68,172,0
89,132,0
37,89,0
44,111,0
88,120,0
97,16,0
151,5,0
172,39,0
35,8,0
53,25,0
58,186,0
33,161,0
106,6,0
12,10,0
85,146,0
99,105,0
101,28,0
161,112,0
155,120,0
168,175,0
106,97,0
39,58,0
149,107,0
138,188,0
78,25,0
85,170,0
49,80,0
129,185,0
74,180,0
154,32,0
2,191,0
80,165,0
13,120,0
77,159,0
1,103,0
81,49,0
158,103,0
159,96,0
11,104,0
17,58,0
25,10,0
8,21,0
176,9,0
112,12,0
33,60,0
35,9,0
52,131,0
65,106,0
137,190,0
48,159,0
161,5,0
130,92,0
55,13,0
88,129,0
118,171,0
106,158,0
81,139,0
22,10,0
80,128,0
12,149,0
107,63,0
70,155,0
19,145,0
69,82,0
33,7,0
74,111,0
144,26,0
148,116,0
166,164,0
13,12,0
165,75,0
82,65,0
143,106,0
28,67,0
20,15,0
15,112,0
39,11,0
177,33,0
128,171,0
58,76,0
130,71,0
153,101,0
153,33,0
33,190,0
128,186,0
72,49,0
161,25,0
172,150,0
48,90,0
81,64,0
39,69,0
134,154,0
86,2,0
132,132,0
147,79,0
129,32,0
5,35,0
69,103,0
173,187,0
30,40,0
89,36,0
123,171,0
89,6,0
159,104,0
58,166,0
125,187,0
168,46,0
104,159,0
14,112,0
151,124,0
41,181,0
160,49,0
98,135,0
80,40,0
17,72,0
175,187,0
65,99,0
104,46,0
2,99,0
63,141,0
139,150,0
5,63,0
64,188,0
24,68,0
159,98,0
96,39,0
42,139,0
37,15,0
153,75,0
168,121,0
88,18,0
146,133,0
85,51,0
6,28,0
88,141,0
12,47,0
4,185,0
7,50,0
176,82,0
54,163,0
72,73,0
49,135,0
22,63,0
83,178,0
37,182,0
132,146,0
138,67,0
43,188,0
173,152,0
21,14,0
123,164,0
151,146,0
139,130,0
106,107,0
117,174,0
83,36,0
101,40,0
47,180,0
67,175,0
83,189,0
5,167,0
90,81,0
69,107,0
116,63,0
123,181,0
115,129,0
48,121,0
130,65,0
78,128,0
52,172,0
46,38,0
73,163,0
121,82,0
78,185,0
10,110,0
12,71,0
137,35,0
41,13,0
93,144,0
6,77,0
6,180,0
154,45,0
62,173,1
105,11,0
174,131,0
51,74,0
19,108,0
66,37,0
176,61,0
75,5,0
138,13,0
102,122,1
6,102,0
52,189,0
134,16,0
36,82,0
138,132,0
131,162,0
79,91,0
131,142,0
67,157,0
177,147,0
100,157,0
116,102,0
43,146,0
144,3,0
178,131,0
54,11,0
43,19,0
63,114,0
161,19,0
116,174,0
160,178,0
69,183,0
142,118,0
142,107,0
150,37,0
162,171,0
170,55,0
54,44,0
29,131,0
72,30,0
95,129,0
85,7,0
161,139,0
101,171,0
123,29,0
116,185,0
79,28,0
166,115,0
11,76,0
61,51,0
31,87,0
171,11,0
4,51,0
171,161,0
159,75,0
56,85,0
157,42,0
89,137,0
99,109,0
68,60,0
13,36,0
164,20,0
153,174,0
178,34,0
76,14,0
15,8,0
113,188,0
148,129,0
85,33,0
89,75,0
121,16,0
58,166,0
109,151,0
128,32,0
117,15,0
58,156,0
29,54,0
32,34,0
162,139,0
98,176,0
139,184,0
78,117,0
3,185,0
82,183,0
84,23,0
176,75,0
103,189,0
30,4,0
37,193,0
157,58,0
117,103,0
61,55,0
53,91,0
58,64,0
43,134,0
116,139,0
76,115,0
80,55,0
70,34,0
110,52,0
147,181,0
126,43,0
35,144,0
122,178,0
53,91,0
4,145,0
86,8,1
63,180,0
135,66,0
37,159,0
15,104,0
5,17,0
40,46,0
58,190,0
126,115,0
143,67,0
113,178,1
21,89,0
37,103,0
47,107,0
11,141,0
110,177,0
64,180,0
92,3,0
170,162,0
146,29,0
92,167,0
72,96,0
91,117,0
52,134,0
155,21,0
165,128,0
138,86,0
58,71,0
23,182,0
154,165,0
24,110,0
56,97,0
97,136,0
144,148,0
77,148,0
123,93,0
73,177,0
140,27,0
161,6,0
68,124,0
54,106,0
114,156,0
134,18,0
119,129,0
162,139,0
15,48,0
111,87,0
37,103,0
59,45,0
17,111,0
40,71,0
80,24,0
72,184,0
105,91,0
150,4,0
23,63,0
57,72,0
34,97,0
80,191,0
107,128,0
96,27,0
66,2,0
15,122,0
158,58,0
135,107,0
101,149,0
5,85,0
173,124,0
65,54,0
171,29,0
167,2,0
70,178,0
40,49,0
45,42,0
16,28,0
72,60,0
168,76,0
133,121,0
74,94,0
139,134,0
56,169,0
172,58,0
48,24,0
133,82,0
52,183,0
144,176,0
165,157,0
25,179,0
49,181,0
94,134,0
84,74,0
142,35,0
122,49,0
153,183,0
141,108,0
21,9,0
103,160,0
25,100,0
101,67,0
22,112,0
112,29,0
83,107,0
24,150,0
83,21,0
52,48,0
171,36,0
18,167,0
49,118,0
26,66,0
42,145,0
105,65,0
152,83,0
138,120,1
19,156,0
163,87,0
57,141,0
27,56,0
176,172,0
26,69,0
53,148,0
26,193,0
27,46,0
180,113,0
133,102,0
85,71,0
166,155,0
100,119,0
39,43,0
79,41,0
119,141,0
84,100,0
105,114,0
85,103,0
10,14,0
45,87,0
96,49,0
98,72,0
25,175,0
30,121,0
70,107,0
40,82,0
155,112,0
61,52,0
2,39,0
50,52,0
163,151,0
142,59,0
81,92,0
138,11,1
55,21,0
92,166,1
96,84,0
87,193,0
78,16,0
119,152,0
114,40,0
60,128,0
171,122,0
134,13,0
154,63,0
159,145,0
15,105,0
121,169,0
149,154,0
77,192,0
127,36,0
49,51,0
177,133,0
106,26,0
97,13,0
83,186,0
64,192,0
70,18,0
95,92,0
13,127,0
37,186,0
141,110,0
111,159,0
9,191,0
122,120,0
166,90,0
123,52,0
95,100,0
128,64,0
19,32,0
2,5,0
53,6,0
170,183,0
49,190,0
10,106,0
61,187,0
21,125,0
2,133,0
20,184,0
52,68,0
83,162,0
3,139,0
178,160,0
177,40,0
31,177,0
176,16,0
136,130,1
36,164,0
13,105,0
148,45,0
65,22,0
111,34,0
72,43,0
103,78,0
57,113,0
161,33,0
26,19,0
132,131,0
83,41,0
81,155,0
46,90,0
44,124,0
6,151,0
65,89,0
37,168,0
14,125,0
75,100,0
104,19,0
14,175,0
146,39,0
65,161,0
12,164,0
134,127,0
103,178,0
44,45,0
54,81,0
179,176,0
22,100,0
96,82,0
66,16,0
3,156,0
175,18,0
19,105,0
20,47,0
121,186,0
54,66,0
5,9,0
90,5,0
158,76,0
9,30,0
14,175,0
146,28,0
138,153,0
58,107,0
132,49,0
140,15,0
20,152,0
45,113,0
66,110,0
91,121,0
25,37,0
147,180,0
173,116,0
100,17,0
64,168,0
60,10,0
89,189,0
132,74,1
39,182,0
54,48,0
135,116,1
135,147,0
49,82,0
138,82,0
122,1,0
135,159,0
82,85,0
70,131,0
11,19,0
69,72,0
73,116,0
168,46,0
100,12,0
116,123,0
127,118,0
48,171,0
158,89,0
140,21,0
80,159,0
129,188,0
58,173,0
85,70,0
86,29,0
171,47,0
146,22,0
119,84,0
56,55,0
4,108,0
23,187,0
52,169,0
3,62,0
21,51,0
120,40,0
54,86,0
87,130,0
67,23,0
87,5,0
147,188,0
49,180,0
177,154,0
146,112,0
137,166,0
155,31,0
80,144,0
22,183,0
2,179,0
140,184,0
129,193,0
68,28,0
63,102,0
81,182,0
10,20,0
155,158,0
38,39,0
3,99,0
155,136,0
38,69,0
124,82,0
8,184,1
113,140,1
53,139,0
68,145,0
86,176,0
46,135,0
171,54,0
92,174,0
43,112,0
104,99,0
31,25,0
82,128,0
53,17,0
50,84,0
177,111,0
1,59,0
166,119,0
133,100,0
166,138,0
7,22,0
43,164,0
59,11,0
63,97,0
93,38,0
141,183,0
79,133,0
34,156,0
55,160,0
144,131,0
5,41,0
71,36,0
21,117,0
15,185,0
104,57,0
131,56,0
78,143,0
169,100,0
62,52,0
86,12,0
1,72,0
59,84,0
129,55,0
37,33,0
49,145,0
172,84,0
46,129,0
174,61,0
10,6,0
63,51,0
148,63,0
145,157,0
119,65,0
161,193,0
23,152,0
41,111,0
67,88,0
118,157,0
176,193,0
115,69,0
108,52,0
125,5,0
55,114,0
46,129,0
64,115,0
77,95,0
158,161,0
96,19,0
86,84,0
133,81,0
147,192,0
132,42,0
63,188,0
68,116,0
41,88,0
123,91,0
108,175,0
103,8,1
19,105,0
51,156,0
104,91,0
135,128,0
113,21,0
78,75,0
170,170,0
24,78,0
106,121,0
101,162,0
54,181,0
110,106,0
22,1,0
127,85,0
4,150,0
137,152,0
27,115,0
35,78,0
19,133,0
71,165,0
122,137,0
21,17,0
122,34,0
72,167,0
147,125,0
6,90,0
76,95,0
168,147,0
56,187,0
58,167,0
4,181,0
119,34,0
29,33,0
169,190,0
133,120,0
162,44,0
126,49,0
137,156,0
151,114,0
105,96,0
133,32,0
50,32,0
105,122,0
149,157,0
97,91,0
27,31,0
139,40,0
30,162,0
16,31,0
11,146,0
103,121,0
121,43,0
43,43,0
90,106,0
57,134,0
99,170,0
166,144,0
147,129,0
4,19,0
129,35,0
89,123,0
134,85,0
112,155,0
21,193,0
67,96,0
132,4,0
92,90,0
102,105,1
147,139,0
141,188,0
105,155,0
104,37,0
155,35,0
7,118,0
1,104,0
95,26,0
121,47,0
2,115,0
27,35,0
25,26,0
53,88,0
3,178,0
10,122,0
83,141,0
2,90,0
128,140,0
82,87,0
165,18,0
150,193,0
94,65,0
129,70,0
97,2,0
118,95,0
95,29,0
70,93,0
56,93,0
25,75,0
135,160,0
84,191,0
100,42,1
170,53,0
34,172,0
154,57,0
103,167,0
62,66,0
57,185,0
73,134,0
115,127,0
77,38,0
37,22,0
168,47,0
25,108,0
151,70,0
57,57,0
122,74,0
67,100,0
58,126,0
57,169,0
58,57,0
44,5,0
37,42,0
33,65,0
169,53,0
64,168,0
58,111,0
95,32,0
84,189,0
174,22,0
72,19,0
125,171,0
114,64,0
177,144,0
157,141,0
14,138,0
116,140,0
40,151,0
3,184,0
96,131,0
139,46,0
171,117,0
95,17,0
36,106,0
132,173,0
2,80,0
154,9,0
173,112,0
65,170,0
178,146,0
139,54,0
164,147,0
98,139,0
7,106,0
10,141,0
78,21,0
152,106,0
134,30,1
44,128,0
110,36,0
42,43,0
118,168,0
175,53,0
68,168,0
8,43,0
42,89,0
101,161,0
26,31,0
153,28,0
59,43,0
84,61,0
102,53,0
75,133,0
17,17,0
45,79,0
137,77,0
60,15,0
125,161,0
85,191,0
31,93,0
140,187,0
83,185,0
68,67,0
31,163,0
27,17,0
80,57,0
7,133,0
169,116,0
137,68,0
32,16,0
41,43,0
116,6,0
160,75,0
40,137,0
139,192,0
80,4,0
96,177,0
91,127,0
138,39,0
30,102,0
62,97,0
180,122,0
176,129,0
111,166,0
94,192,0
150,5,0
16,77,0
180,97,0
48,166,0
137,8,0
90,47,0
93,26,0
51,17,0
113,190,0
125,52,0
168,125,0
25,41,0
22,24,0
34,45,0
164,50,0
32,164,0
16,117,0
157,150,0
22,29,0
148,100,0
58,87,0
138,150,0
14,131,0
45,77,0
132,25,0
5,6,0
18,33,0
38,115,0
170,144,0
23,103,0
154,186,0
108,175,0
83,59,0
106,156,0
29,130,0
30,73,0
55,193,0
5,169,0
16,57,0
133,40,0
130,112,0
31,28,0
178,105,0
99,21,0
151,1,0
111,148,0
168,6,0
60,155,0
89,66,0
135,64,0
27,11,0
8,7,0
6,26,0
117,159,0
58,103,0
15,40,0
136,78,0
160,149,0
158,64,0
146,25,0
78,96,0
138,138,1
20,39,0
38,111,0
22,47,0
136,105,0
163,148,0
44,15,0
126,111,0
5,83,0
10,149,0
153,69,0
4,193,0
141,184,0
174,179,0
116,137,0
91,119,0
178,111,0
2,147,0
18,150,0
31,63,0
40,171,0
166,147,0
43,76,0
169,46,0
168,129,0
154,30,0
16,9,0
53,165,0
162,184,0
66,121,0
18,5,0
61,173,0
169,43,0
105,8,1
100,71,0
173,78,0
65,181,0
107,9,0
76,71,0
23,37,0
142,146,0
22,178,0
65,64,0
42,142,0
71,93,0
7,112,0
8,109,0
108,155,0
150,132,0
75,24,0
17,53,0
42,171,0
164,76,0
58,149,0
106,107,0
174,57,0
173,120,0
168,101,0
15,25,0
76,98,0
74,170,0
89,64,0
13,103,0
58,83,0
139,116,1
38,170,0
41,133,0
28,96,0
66,96,0
173,105,0
26,49,0
138,127,0
58,2,0
160,93,0
51,155,0
84,176,0
111,37,0
62,157,0
158,34,0
65,24,0
136,144,0
169,1,0
114,150,0
47,53,0
174,104,0
78,154,0
118,48,0
42,107,0
11,145,0
92,166,1
44,175,0
143,75,0
8,71,0
156,144,0
82,34,0
81,60,0
146,99,0
35,45,0
44,89,0
66,16,0
9,62,0
149,98,0
24,169,0
177,107,0
100,21,0
96,66,0
130,102,0
148,143,0
65,148,0
34,32,0
150,94,0
45,167,0
30,101,0
50,81,0
117,143,0
97,166,0
168,90,1
32,186,0
143,55,0
119,64,0
119,179,0
90,75,0
103,16,0
109,42,1
121,40,0
125,134,0
27,89,0
164,97,0
48,109,0
38,101,0
157,24,0
68,44,0
75,81,0
145,27,0
144,30,0
147,111,0
103,39,0
140,94,0
12,192,0
67,79,0
106,45,0
120,86,0
3,88,0
96,162,0
151,100,0
148,41,0
39,129,0
95,11,0
20,154,0
62,36,0
157,106,0
115,77,0
165,9,0
128,143,0
26,154,0
130,184,0
32,37,0
163,68,0
61,48,0
31,43,0
130,22,0
17,110,0
17,160,0
56,47,0
22,11,0
169,154,0
73,125,0
102,111,0
146,34,0
87,133,0
164,164,0
81,87,0
37,74,0
11,87,0
72,127,0
22,45,0
118,112,0
17,112,0
148,79,0
55,27,0
45,155,0
5,152,0
128,158,0
126,142,0
149,97,0
128,130,0
90,115,0
141,111,0
130,77,0
61,174,0
84,64,0
158,63,0
180,24,0
15,42,0
146,144,0
179,44,0
61,115,0
133,137,0
24,145,0
162,8,0
31,76,0
45,60,0
72,72,0
59,59,0
142,137,0
176,102,0
100,112,0
171,125,0
107,21,0
3,94,0
173,136,0
178,137,0
25,162,0
180,43,0
113,64,0
92,63,0
18,100,0
36,107,0
164,125,0
39,60,0
121,61,0
130,129,0
164,64,0
111,144,0
134,176,0
91,184,0
157,17,0
11,29,0
49,23,0
90,47,0
121,5,0
105,39,0
45,183,0
91,55,0
167,70,0
143,119,0
130,61,0
103,107,0
180,88,0
35,150,0
27,160,0
135,175,0
96,149,0
15,50,0
121,20,0
47,9,0
103,116,0
84,93,0
108,164,0
7,174,0
116,185,0
163,176,0
46,178,0
178,174,0
61,149,0
24,94,0
121,158,0
32,44,0
64,77,0
16,89,0
89,127,0
16,188,0
143,18,0
152,163,0
101,182,0
176,15,0
157,146,0
83,92,0
18,21,0
95,58,0
136,3,0
20,2,0
65,76,0
179,188,0
153,78,0
123,15,0
123,33,0
108,53,0
131,75,1
144,136,0
178,71,0
83,70,0
50,166,0
102,78,0
53,5,0
138,133,0
32,3,0
21,81,0
45,74,0
58,140,0
145,139,0
124,109,0
47,91,0
31,183,0
126,47,0
43,174,0
178,93,0
19,173,0
47,134,0
45,7,0
85,96,0
84,67,0
122,29,0
17,45,0
12,177,0
32,131,0
84,76,0
147,188,0
44,142,0
161,42,0
148,160,0
149,67,0
129,36,0
14,35,0
110,90,0
83,187,0
29,77,0
142,180,0
78,44,0
42,169,0
18,185,0
61,135,0
154,113,0
171,34,0
171,66,0
91,93,0
42,28,0
22,150,0
24,90,0
102,78,0
92,37,0
28,167,0
162,53,0
27,43,0
108,149,0
149,65,0
41,92,0
52,139,0
88,116,0
43,134,0
105,59,0
112,72,0
46,187,0
14,169,0
120,171,0
124,24,0
69,131,0
13,124,0
142,38,0
18,83,0
5,101,0
70,120,0
114,125,0
155,100,0
38,117,0
178,179,0
112,187,0
143,76,0
109,25,0
100,126,0
177,113,0
130,87,0
87,131,0
2,191,0
58,177,0
67,182,0
45,23,0
22,34,0
131,38,0
37,155,0
115,119,0
149,111,0
115,147,0
125,184,0
73,154,0
38,39,0
161,67,0
47,84,0
121,6,0
56,77,0
97,126,0
41,135,0
163,74,0
24,144,0
133,138,0
49,151,0
15,44,0
144,59,0
12,85,0
38,8,0
18,5,0
159,149,0
30,106,0
167,171,0
62,6,0
137,67,0
100,12,0
90,22,0
25,143,0
74,169,0
129,90,0
41,1,0
174,2,0
79,112,0
154,152,0
113,178,1
161,190,0
50,138,0
75,166,0
18,159,0
110,77,0
144,129,0
117,92,0
134,117,0
145,182,0
15,71,0
54,146,0
34,16,0
85,32,0
37,32,0
168,124,0
52,151,0
155,16,0
117,164,0
170,105,0
89,72,0
130,107,0
153,167,0
159,190,0
93,50,0
4,62,0
83,139,0
134,174,0
92,53,0
23,100,0
70,4,0
123,9,0
108,124,0
110,65,0
165,141,0
27,74,0
173,174,0
61,37,0
147,153,0
59,89,0
36,143,0
80,52,0
10,185,0
85,81,0
173,19,0
5,169,0
99,86,0
123,4,0
174,148,0
120,30,0
159,56,0
15,32,0
87,193,0
71,62,0
119,78,0
108,118,0
26,97,0
148,147,0
163,191,0
58,67,0
72,67,0
53,82,0
31,160,0
168,11,0
176,15,0
70,4,0
133,176,1
31,41,0
103,63,0
1,72,0
64,52,0
143,161,0
51,167,0
129,34,0
88,192,0
150,31,0
151,141,0
32,193,0
132,37,0
48,82,0
23,43,0
115,181,0
117,19,0
91,27,1
152,129,0
113,182,0
148,39,0
90,179,0
99,161,0
133,8,0
64,160,0
98,73,0
171,140,0
52,104,0
47,81,0
69,5,0
11,82,0
68,179,0
140,105,0
138,37,0
2,82,0
81,36,0
128,141,0
32,35,0
136,180,0
49,146,0
54,124,0
73,28,0
9,35,0
171,165,0
39,32,0
170,92,0
30,105,0
33,64,0
39,140,0
148,3,0
74,68,0
154,1,0
105,108,0
136,33,0
71,73,0
127,145,0
143,176,0
39,63,0
110,82,0
33,41,0
93,41,0
148,98,0
37,165,0
124,167,0
103,4,0
98,33,0
38,45,0
79,155,0
71,179,0
39,90,0
82,59,0
149,131,0
27,81,0
40,60,0
171,66,0
169,108,0
124,133,0
32,171,0
177,57,0
138,166,0
131,77,0
136,64,0
78,51,0
164,184,0
78,145,0
113,172,0
117,99,0
107,147,0
50,157,0
121,145,0
9,61,0
166,81,0
138,62,0
14,69,0
93,150,0
148,44,0
44,143,0
164,110,0
158,115,0
19,72,0
156,42,0
166,156,0
43,84,0
18,33,0
79,9,0
50,185,0
54,23,0
75,54,0
88,7,0
122,109,0
100,33,0
8,106,0
34,89,0
109,105,0
106,41,0
55,187,0
127,108,0
165,164,0
170,192,0
44,132,0
176,6,0
141,63,0
144,48,0
35,150,0
45,111,0
113,49,0
26,15,0
180,59,0
136,178,0
141,108,0
44,188,0
86,40,0
42,72,0
138,57,1
97,150,0
91,16,0
84,144,0
134,74,0
147,14,0
64,36,0
47,176,0
123,123,0
18,67,0
150,89,0
170,142,0
110,34,0
124,135,0
106,153,0
31,46,0
86,98,0
84,111,0
171,26,0
143,114,0
106,118,0
15,61,0
29,174,0
125,33,0
125,168,0
146,56,0
60,71,0
36,184,0
132,104,0
116,1,0
155,96,0
104,97,0
145,50,0
32,148,0
4,49,0
8,86,0
58,41,0
143,12,0
92,21,0
148,138,0
176,55,0
93,100,0
59,45,0
88,62,0
5,180,0
158,175,0
6,85,0
150,4,0
150,12,0
132,91,0
89,192,0
66,172,0
48,181,0
20,4,0
120,177,0
41,77,0
88,84,0
178,181,0
128,162,0
34,193,0
39,172,0
121,33,0
112,80,0
9,133,0
4,7,0
163,177,0
111,135,0
107,12,0
48,13,0
115,93,0
58,24,0
100,135,0
161,189,0
11,109,0
102,75,0
58,120,0
27,46,0
110,146,0
172,126,0
166,82,0
153,161,0
115,40,0
97,133,0
8,138,0
126,90,0
131,116,1
138,42,0
40,157,0
17,104,0
27,22,0
81,69,0
62,176,0
167,167,0
85,28,0
147,22,0
37,161,0
5,26,0
51,146,0
98,144,0
54,176,0
150,110,0
154,129,0
179,184,0
135,90,1
64,179,0
175,80,0
5,126,0
180,7,0
178,172,0
88,45,0
95,5,1
133,181,0
160,91,0
123,165,0
111,7,0
76,113,0
109,133,0
170,128,0
114,145,0
97,24,0
47,2,0
171,147,0
16,113,0
56,165,0
60,110,0
103,112,0
164,61,0
159,3,0
53,110,0
138,62,0
38,170,0
88,95,0
131,95,0
66,14,0
69,86,0
70,109,0
59,132,0
3,162,0
170,185,0
82,149,0
97,1,0
90,191,0
151,59,0
128,114,0
49,163,0
147,148,0
115,164,0
24,32,0
27,173,0
1,135,0
118,117,0
42,162,0
81,8,0
41,180,0
54,61,0
60,169,0
112,80,0
169,189,0
129,129,0
29,6,0
34,63,0
91,78,0
177,178,0
160,158,0
48,46,0
47,183,0
28,54,0
32,43,0
70,39,0
74,42,0
68,89,0
10,188,0
96,148,0
21,192,0
155,49,0
40,124,0
139,91,0
10,76,0
71,169,0
106,186,0
97,86,0
150,183,0
77,115,0
95,27,0
68,57,0
127,80,0
127,105,0
160,51,0
107,55,1
99,119,0
45,82,0
99,185,0
33,129,0
91,28,0
17,120,0
107,22,0
149,108,1
84,7,0
105,36,0
32,7,0
152,72,0
49,144,0
111,187,0
159,59,0
150,112,0
54,149,0
31,20,0
2,158,0
152,189,0
98,58,0
50,128,0
19,170,0
174,171,0
179,79,0
117,153,0
158,9,0
125,76,0
101,162,0
78,42,0
11,159,0
57,117,0
54,156,0
107,69,0
86,16,0
94,146,0
9,139,0
36,45,1
78,185,0
78,95,0
20,131,0
114,57,0
56,45,0
126,48,0
45,90,0
67,108,0
145,72,0
40,176,0
9,71,0
104,176,0
29,31,0
131,55,0
165,133,0
179,113,0
93,15,0
139,142,0
54,164,0
9,15,0
125,153,0
102,25,0
167,22,0
110,60,0
163,3,0
39,83,0
116,140,0
130,123,0
28,15,0
83,118,0
19,13,0
56,40,0
91,35,0
44,16,0
29,15,0
133,104,0
177,6,0
42,14,0
82,50,0
165,6,0
57,125,0
152,103,0
19,53,0
10,59,0
134,131,0
90,47,0
99,170,0
104,82,0
123,43,0
6,89,0
43,31,0
96,33,0
127,46,0
136,131,1
92,83,0
148,88,0
9,180,0
83,74,0
27,161,0
25,112,0
6,16,0
44,42,0
115,30,0
55,102,0
29,20,0
54,107,0
166,115,0
122,177,0
37,133,0
24,191,0
25,125,0
107,183,0
35,47,0
118,5,0
44,169,0
141,174,0
60,188,0
106,50,0
132,49,0
168,115,0
97,17,0
94,112,0
36,35,0
122,68,0
151,187,0
33,65,0
9,105,0
166,40,0
7,48,0
174,168,0
32,71,0
113,93,0
130,185,0
59,168,0
172,164,0
29,65,0
86,116,0
155,92,0
30,178,0
21,80,0
51,184,0
109,82,0
147,99,0
138,95,0
127,144,0
5,99,0
170,116,0
49,156,0
177,130,0
177,193,0
42,28,0
177,70,0
113,183,0
146,81,0
128,82,0
1,72,0
3,156,0
41,185,0
148,126,0
102,109,0
166,112,0
165,15,0
19,67,0
85,73,0
78,121,0
9,163,0
165,165,0
106,93,0
42,116,0
5,24,0
72,58,0
84,57,0
118,169,0
150,54,0
108,139,0
100,167,0
160,158,0
17,108,0
171,126,0
58,81,0
114,107,0
49,62,0
146,104,0
180,166,0
57,168,1
139,74,0
152,52,0
177,63,0
39,31,0
91,125,0
57,50,0
79,34,0
151,93,0
3,45,0
180,62,0
10,121,0
146,183,0
148,92,0
51,57,0
13,142,0
156,191,0
75,28,0
49,149,0
15,12,0
20,167,0
179,14,0
88,36,0
56,14,0
129,49,0
166,163,0
118,112,0
148,79,0
77,65,0
112,82,0
58,79,0
138,5,0
15,95,0
60,145,0
129,20,0
4,16,0
69,112,0
3,35,0
28,182,0
4,143,0
176,28,0
54,128,0
147,136,0
41,158,0
93,38,0
44,117,0
177,143,0
179,5,0
121,137,0
106,60,0
107,182,0
26,75,0
61,62,0
153,10,0
61,18,1
11,168,0
169,136,0
58,173,0
67,88,0
144,27,0
113,36,0
72,82,0
37,77,0
61,159,0
133,56,0
161,156,0
92,112,0
48,61,0
178,136,0
102,52,0
165,46,0
59,190,0
46,100,0
77,167,0
135,104,0
6,68,0
95,56,0
32,60,0
138,9,0
163,165,0
73,134,0
63,108,0
180,184,0
125,60,0
177,95,0
101,106,1
68,32,0
75,62,0
62,9,0
84,40,0
177,67,0
171,100,0
101,160,0
97,116,0
28,92,0
102,130,0
166,156,0
30,8,0
24,148,0
37,189,0
28,134,0
21,94,0
79,75,0
6,32,0
34,25,0
106,159,0
132,134,0
124,160,0
5,190,0
93,90,0
156,50,0
13,164,0
74,128,0
32,78,0
167,106,0
166,139,0
96,1,0
164,152,0
35,146,0
6,75,0
109,181,0
19,46,0
171,186,0
151,168,0
53,70,0
4,62,0
125,189,0
156,131,0
179,31,0
76,170,0
166,20,0
118,39,0
126,90,0
53,60,0
2,184,0
11,179,0
37,140,0
174,3,0
60,53,0
89,67,0
13,111,0
157,115,0
88,33,0
123,58,0
12,180,0
21,1,0
157,148,0
150,54,0
161,149,0
120,48,0
164,81,0
4,13,0
5,56,0
99,151,0
22,25,0
165,3,0
101,36,0
91,72,0
127,16,0
90,96,0
39,6,0
27,182,0
119,60,0
56,140,0
141,61,0
73,158,0
24,18,1
86,84,0
1,132,0
125,152,0
112,54,0
152,125,0
88,106,0
77,82,0
38,184,0
63,186,0
85,40,0
109,97,0
33,30,0
47,169,0
23,137,0
43,31,0
151,22,0
83,98,0
66,179,0
86,164,0
107,43,0
61,125,0
73,12,0
110,57,0
49,8,0
98,26,0
68,128,0
72,89,0
91,27,1
127,58,0
49,83,0
31,91,0
149,145,1
129,90,0
25,72,0
1,40,0
54,76,0
137,135,0
176,122,0
175,62,0
45,135,0
60,37,0
111,24,0
2,141,0
121,122,0
34,106,0
11,101,0
136,95,0
147,134,0
84,134,0
160,188,0
123,145,0
79,62,0
4,177,0
68,98,0
4,156,0
146,116,0
11,37,0
116,53,0
154,174,0
51,140,0
63,77,0
115,95,0
56,146,0
95,63,0
160,35,0
102,12,0
139,99,0
20,42,0
115,69,0
169,102,0
126,149,0
93,185,0
143,106,0
62,173,1
107,8,0
136,150,0
69,20,0
76,158,0
128,44,0
90,121,0
52,73,0
3,96,0
159,74,0
111,178,0
112,169,0
55,33,0
64,81,0
118,58,0
174,29,0
153,90,0
62,41,0
106,133,0
153,150,0
86,10,0
148,33,0
8,180,0
45,41,0
78,35,0
107,69,0
25,95,0
158,38,0
179,135,0
5,24,0
122,92,0
112,118,0
20,149,0
43,150,0
152,128,0
36,146,0
42,94,0
153,55,0
102,101,0
17,106,0
179,150,0
178,28,0
153,49,0
163,27,0
75,12,0
164,5,0
131,184,0
18,52,0
176,25,0
122,162,0
108,80,0
4,145,0
119,137,0
168,96,0
149,131,0
88,158,0
32,85,0
41,98,0
44,58,0
17,156,0
158,184,0
72,30,0
62,156,0
171,143,0
55,154,0
162,43,0
24,132,0
172,28,0
164,99,0
64,45,0
84,163,0
24,98,0
86,57,0
4,187,0
55,55,0
2,150,0
115,65,0
98,90,0
153,107,0
56,99,0
149,62,0
136,18,0
141,191,0
149,59,0
163,38,0
160,189,1
34,73,0
79,62,0
12,106,0
167,7,0
160,180,0
18,76,0
122,103,0
8,114,0
113,81,0
15,172,0
27,3,0
125,174,0
33,48,0
117,45,0
72,133,0
59,45,0
8,134,0
64,160,0
15,112,0
164,146,0
146,149,0
46,143,0
8,170,0
15,32,0
13,72,0
113,75,0
22,192,0
81,98,0
135,9,0
123,118,0
122,122,0
3,175,0
161,40,0
159,21,0
122,46,0
102,109,0
179,118,0
179,33,0
110,62,0
98,153,0
125,108,0
140,104,0
160,173,0
126,192,0
78,50,0
78,19,0
19,76,0
74,176,0
170,181,0
142,167,0
160,82,0
132,49,0
36,161,0
81,30,0
3,185,0
65,163,0
177,134,0
32,49,0
115,172,0
172,136,0
37,14,0
172,68,0
111,117,0
125,19,0
99,32,0
164,79,0
16,136,0
64,30,0
164,11,0
166,33,0
159,61,0
50,18,0
171,176,0
149,1,0
5,111,0
135,136,0
162,28,0
141,93,0
175,4,0
2,141,0
80,18,1
57,31,0
115,10,0
180,83,0
171,128,0
180,51,0
152,114,0
127,27,0
84,10,0
32,167,0
17,44,0
72,104,0
149,53,0
113,94,0
57,69,0
95,121,0
85,160,0
116,141,0
92,138,0
42,55,0
117,86,0
25,42,0
85,36,0
22,190,0
91,18,1
80,4,0
92,141,0
47,182,0
71,134,0
107,44,0
81,7,0
122,100,0
176,127,0
141,134,0
54,106,0
166,181,0
3,6,0
80,85,0
171,110,0
162,123,0
124,88,0
144,17,0
167,30,0
21,50,0
74,127,0
95,74,0
83,138,0
6,132,0
173,186,0
72,158,0
176,159,0
150,130,0
4,154,0
2,162,0
141,18,0
130,129,0
98,148,0
81,41,0
127,117,0
45,102,0
137,101,0
37,57,0
115,181,0
168,103,0
177,1,0
167,83,0
120,148,0
76,164,0
143,161,0
66,60,0
176,47,0
115,171,0
76,133,0
43,73,0
100,2,0
104,54,0
56,181,0
112,10,0
152,81,0
3,36,0
38,115,0
42,10,0
74,62,0
50,89,0
24,161,0
166,66,0
46,158,0
121,61,0
179,85,0
10,136,0
168,40,0
56,184,0
140,61,0
152,69,0
150,127,0
92,109,0
84,151,0
155,129,0
129,159,0
165,128,0
44,177,0
5,48,0
5,151,0
53,164,0
109,11,0
111,96,0
58,10,0
40,175,0
5,170,0
143,152,0
176,181,0
69,134,0
178,15,0
176,169,0
13,101,0
174,135,0
51,6,0
127,51,0
131,155,0
47,88,0
57,169,0
11,105,0
122,40,0
77,117,0
5,56,0
77,119,0
22,4,0
16,47,0
124,12,0
121,150,0
7,75,0
90,88,0
160,78,0
102,47,0
54,23,0
176,123,0
130,47,0
39,30,0
41,190,0
74,26,0
22,184,0
159,25,0
38,52,0
8,81,0
45,180,0
180,169,0
101,39,0
117,72,0
117,157,0
125,139,0
140,85,0
71,89,0
148,141,0
52,55,0
118,5,0
40,155,0
59,174,0
117,82,0
40,35,0
42,108,0
121,172,0
112,127,0
40,58,0
86,100,0
39,140,0
19,166,0
136,118,0
166,112,0
145,60,0
98,81,0
33,26,0
134,16,0
66,28,0
158,152,0
101,47,0
28,133,0
110,54,0
81,144,0
21,165,0
124,23,0
2,136,0
123,100,0
104,96,0
106,26,0
35,43,0
51,36,0
167,47,0
74,149,0
143,36,0
73,50,0
48,95,0
73,60,0
102,173,0
24,61,0
106,151,0
3,190,0
25,189,0
132,79,0
5,124,0
26,58,0
9,13,0
42,69,0
159,114,0
75,18,0
41,87,0
122,18,0
43,20,0
71,37,0
60,8,0
56,128,0
115,95,0
34,4,0
130,151,0
21,155,0
106,163,0
170,26,0
119,50,0
101,133,1
36,84,0
171,88,0
125,53,0
83,146,0
19,10,0
39,149,0
58,99,0
91,11,0
117,78,0
91,154,0
130,42,0
125,164,0
179,173,0
97,103,0
164,87,0
59,109,0
178,60,0
134,33,0
109,175,0
148,5,0
18,49,0
17,167,0
67,32,0
103,134,0
82,108,0
58,57,0
12,45,0
83,166,0
66,24,0
136,41,0
12,31,0
125,112,0
8,84,0
6,19,0
48,44,0
42,38,0
56,7,0
95,178,0
120,107,0
169,173,0
159,192,0
86,147,0
16,145,0
153,77,0
108,81,0
60,151,0
35,86,0
114,151,0
10,183,0
42,118,0
117,97,0
67,188,0
82,61,0
106,48,0
4,130,0
72,185,0
135,117,0
91,11,0
123,21,0
145,89,0
37,100,0
31,73,0
61,158,0
140,31,0
122,152,0
48,130,0
177,124,0
55,67,0
67,168,0
160,185,0
49,153,0
56,17,0
3,179,0
134,129,0
153,77,0
74,109,0
152,113,0
169,142,0
141,88,0
163,112,0
32,16,0
17,31,0
151,104,0
60,147,0
47,107,0
13,192,0
19,121,0
99,181,0
93,98,0
54,122,0
135,145,0
88,5,0
98,139,0
100,70,0
177,89,0
29,54,0
130,182,0
106,110,0
112,27,1
48,33,0
120,148,0
98,45,0
103,157,0
50,3,0
122,109,0
154,112,0
145,87,0
171,70,0
59,192,0
180,154,0
115,19,0
41,133,0
38,108,0
10,33,0
110,2,0
68,135,0
115,13,0
23,94,0
112,115,0
90,59,0
56,17,0
22,99,0
104,42,0
160,140,0
176,160,0
87,193,0
112,33,0
94,116,0
49,64,0
99,95,0
28,55,0
152,104,0
99,186,0
66,31,0
29,64,0
67,36,0
92,163,0
84,122,0
34,103,0
44,161,0
156,9,0
54,14,0
22,130,0
124,16,0
4,14,0
97,54,0
83,148,0
30,173,0
104,100,0
151,57,0
41,122,0
79,94,0
101,87,0
68,190,0
113,6,1
66,140,0
26,186,0
61,99,0
123,149,0
179,145,0
108,143,0
100,51,0
51,96,0
22,139,0
5,45,0
100,117,0
160,39,0
50,56,0
35,88,0
54,30,0
89,183,0
180,93,0
141,65,0
128,161,0
157,169,0
49,157,0
4,111,0
136,87,1
60,176,0
82,187,0
141,182,0
67,170,0
39,109,0
65,28,0
61,57,0
77,112,0
53,30,0
16,165,0
27,80,0
105,27,0
32,149,0
121,169,0
118,54,0
32,8,0
126,131,0
170,174,0
49,138,0
139,108,0
13,15,0
165,73,0
31,20,0
73,138,0
56,62,0
2,163,0
125,20,0
108,86,0
122,11,0
70,4,0
99,174,0
121,139,0
180,56,0
69,128,0
122,56,0
133,149,0
132,142,0
42,186,0
128,57,0
66,70,0
151,128,0
113,46,0
164,145,0
103,23,0
7,109,0
1,37,0
173,160,0
162,102,0
106,73,0
92,14,0
39,107,0
80,156,0
159,38,0
26,135,0
70,169,0
156,155,0
45,4,0
28,135,0
58,103,0
96,94,0
127,77,0
22,2,0
179,69,0
110,133,0
81,30,0
33,138,0
24,185,0
83,13,0
32,114,0
74,140,0
131,119,0
110,100,0
96,153,0
45,109,0
61,176,0
123,82,0
146,162,0
79,102,0
11,75,0
165,38,0
113,130,0
34,118,0
99,104,0
158,50,0
162,31,0
64,151,0
119,172,0
72,176,0
27,64,0
98,188,0
93,62,0
110,8,0
108,110,0
16,131,0
132,93,0
75,56,0
41,159,0
83,161,0
21,187,0
95,188,0
57,50,0
159,92,0
75,118,0
25,172,0
130,144,0
141,133,0
51,18,0
25,137,0
58,92,0
142,142,0
21,68,0
131,95,0
168,109,0
163,44,0
50,32,0
87,93,0
41,66,0
84,158,0
155,7,0
126,42,0
165,190,0
145,120,0
179,99,0
149,36,0
144,128,0
31,117,0
103,51,0
68,82,0
138,4,0
143,152,0
125,19,0
68,164,0
127,140,0
135,145,0
114,50,0
4,174,0
62,132,0
100,132,0
179,161,0
31,63,0
87,157,0
51,18,0
28,69,0
163,97,0
169,45,0
101,98,0
1,49,0
109,91,0
7,32,0
152,62,0
139,100,0
145,103,0
121,132,0
129,174,0
115,52,0
108,16,0
115,5,0
175,120,0
21,66,0
21,128,0
120,134,0
109,17,0
113,124,0
138,130,0
94,126,0
132,161,0
71,49,0
52,97,0
108,173,0
27,96,0
137,179,0
74,12,0
172,102,0
53,128,0
44,135,0
25,174,0
68,32,0
17,152,0
16,159,0
51,137,0
77,106,0
122,131,0
58,191,1
32,96,0
75,30,0
16,17,0
166,83,0
90,82,0
16,189,0
50,139,0
158,115,0
168,13,0
158,127,0
64,179,0
165,74,0
115,41,0
43,67,0
36,96,0
123,92,0
172,152,0
158,8,0
121,191,0
78,169,0
152,182,0
11,10,0
82,76,0
115,156,0
38,179,0
144,185,0
25,48,0
22,162,0
30,82,0
172,20,0
1,74,0
53,78,0
80,83,0
179,157,0
179,20,0
19,142,0
73,35,0
71,127,0
38,174,0
55,123,0
77,160,0
109,183,0
133,28,0
86,19,0
53,109,0
154,52,0
106,45,0
173,62,0
118,28,0
110,150,0
69,43,0
54,153,0
2,133,0
167,132,0
46,55,0
50,61,0
57,75,0
52,39,0
165,141,0
178,5,0
178,10,0
116,39,0
12,12,0
27,58,0
60,165,0
110,77,0
123,75,0
56,155,0
138,68,0
162,65,0
48,167,0
77,94,0
73,4,0
51,81,0
150,48,0
152,130,0
57,101,0
143,58,0
102,8,0
74,105,0
140,123,0
142,122,0
154,42,1
148,41,0
39,7,0
162,180,0
7,107,0
180,183,0
108,73,0
71,156,0
26,39,0
5,25,0
162,45,0
178,88,0
4,17,0
168,113,0
59,189,0
128,56,0
78,178,0
104,101,0
42,54,0
120,152,0
7,13,0
128,148,0
45,175,0
38,164,0
171,38,0
75,78,0
42,53,0
103,173,0
101,134,0
130,162,0
3,174,0
179,109,0
95,135,0
57,121,0
12,178,0
31,64,0
83,120,0
24,186,0
158,58,0
142,119,0
70,82,0
135,52,0
87,23,0
97,20,0
152,160,0
87,28,0
164,5,0
62,71,0
5,156,0
31,21,0
108,184,0
88,130,0
23,79,0
14,122,0
129,147,0
60,119,0
61,147,0
172,7,0
95,175,0
166,167,0
117,110,0
66,119,0
60,92,0
147,173,0
118,98,0
80,91,0
4,58,0
135,68,0
27,72,0
148,62,0
163,103,0
90,179,0
66,111,0
11,175,0
31,16,0
58,48,0
97,104,0
160,103,0
112,3,0
23,170,0
34,135,0
45,25,0
67,2,0
59,101,0
110,135,0
123,15,0
147,76,0
49,11,0
38,90,0
153,90,0
83,167,0
40,108,0
87,27,0
172,7,0
135,187,0
48,40,0
105,31,0
138,162,0
110,2,0
162,13,0
58,66,0
103,60,0
138,68,0
64,183,0
173,12,0
44,136,0
64,91,0
93,124,0
55,43,0
137,128,0
161,154,0
54,156,0
41,125,0
177,165,0
80,156,0
160,87,0
140,84,0
55,164,0
113,190,0
167,86,0
49,163,0
126,98,0
114,35,0
95,136,1
126,29,0
13,150,0
42,132,0
146,191,0
126,166,0
137,3,0
145,182,0
124,123,0
136,80,0
43,149,0
152,144,0
110,76,0
8,73,0
107,40,0
16,138,0
54,58,0
83,117,0
6,151,0
45,10,0
70,193,0
136,186,0
105,136,0
43,179,0
37,32,0
14,121,0
174,140,0
134,13,0
136,56,1
18,43,0
155,45,0
84,19,0
61,148,0
88,79,0
172,126,0
27,128,0
131,169,0
50,11,0
94,173,0
78,81,0
149,67,0
46,9,0
177,54,0
168,132,0
149,121,1
153,67,0
49,153,0
167,132,0
4,57,0
126,16,0
146,138,0
173,113,0
163,78,0
5,116,0
155,58,0
124,13,0
36,112,0
73,142,0
99,30,1
143,37,0
38,85,0
154,164,0
179,69,0
40,30,0
136,90,0
35,64,0
97,68,0
36,72,0
145,122,0
77,103,0
80,53,0
5,157,0
119,15,0
127,113,0
179,189,0
31,112,0
59,80,0
114,108,0
148,187,0
160,99,0
2,89,0
68,143,0
144,181,0
148,126,0
172,119,0
153,31,0
48,144,0
120,102,0
4,169,0
144,89,0
124,44,0
52,142,0
18,41,0
153,31,0
105,139,0
80,28,0
53,167,0
104,84,0
34,110,0
87,96,0
156,90,0
106,79,0
76,54,0
172,149,0
156,122,0
101,58,0
25,180,0
13,42,0
127,193,0
76,180,0
73,191,0
71,70,0
156,127,0
134,123,0
10,35,0
52,160,0
145,170,0
93,110,0
86,132,0
139,30,0
136,191,1
88,114,0
60,182,0
169,171,0
116,80,0
48,69,0
112,155,0
103,67,0
87,57,0
8,99,0
82,73,0
40,16,0
74,165,0
71,21,0
22,17,0
147,109,0
175,156,0
66,162,0
161,108,0
139,158,0
167,107,0
97,4,0
21,28,0
46,30,0
45,160,0
17,49,0
180,187,0
55,40,0
163,18,0
8,46,0
126,150,0
131,46,0
63,87,0
77,192,0
170,75,0
61,29,0
116,26,0
65,171,0
177,156,0
134,107,0
89,137,0
11,57,0
170,69,0
12,109,0
1,157,0
53,100,0
132,2,0
93,134,0
154,151,0
14,149,0
27,162,0
40,38,0
177,165,0
50,32,0
100,1,0
100,36,0
152,1,0
116,128,0
76,62,0
119,81,0
45,37,0
144,83,0
119,3,0
2,92,0
95,84,0
53,85,0
15,65,0
52,63,0
64,123,0
84,169,0
12,175,1
146,117,0
7,56,0
1,1,0
143,191,0
69,39,0
173,62,0
114,18,0
69,160,0
163,87,0
133,14,0
90,128,0
153,79,0
124,188,0
156,60,0
73,63,0
75,109,0
121,95,0
45,113,0
152,186,0
71,42,0
86,9,0
142,93,0
145,33,0
177,192,1
113,68,0
48,137,0
175,4,0
146,9,0
35,122,0
35,106,0
117,99,0
62,9,0
137,14,0
69,24,0
149,115,0
62,96,0
67,188,0
22,61,0
129,39,0
115,59,0
125,80,0
123,20,0
167,192,0
13,15,0
18,3,0
61,42,0
167,31,0
130,162,0
112,8,0
27,58,0
91,95,0
154,57,0
11,184,0
178,69,0
14,49,0
2,47,0
138,172,0
49,170,0
16,9,0
30,127,0
16,164,0
78,183,0
108,45,0
29,175,0
84,178,0
84,49,0
78,98,0
146,156,0
122,18,0
83,146,0
176,154,0
157,178,0
105,4,0
35,62,0
142,6,0
109,10,0
14,162,0
153,193,0
148,134,0
170,18,0
60,5,0
107,153,0
84,24,0
133,147,0
17,43,0
6,106,0
174,82,0
100,189,0
162,126,0
141,61,0
149,30,0
96,113,0
28,60,0
101,44,0
63,32,0
139,76,0
59,181,0
81,102,0
102,138,1
110,127,0
5,108,0
8,158,0
108,120,0
89,83,0
43,175,0
24,9,0
10,88,0
75,61,0
12,15,0
156,69,0
64,76,0
102,93,0
37,46,0
42,69,0
151,160,0
175,114,0
103,100,0
50,159,0
21,175,0
162,30,0
142,157,0
136,110,0
61,154,0
106,55,0
143,162,0
71,150,0
24,189,0
142,110,0
24,190,0
136,155,0
163,187,0
58,33,0
74,18,1
171,31,0
57,144,0
141,92,0
70,123,0
85,8,0
111,121,0
131,58,0
99,119,0
74,192,0
131,68,1
175,52,0
38,39,0
32,124,0
40,60,0
51,6,0
171,144,0
87,71,0
77,192,0
5,35,0
9,96,0
175,176,0
169,85,0
46,57,0
6,187,0
174,17,0
11,123,0
44,99,0
3,125,0
75,122,0
78,63,0
1,9,0
22,105,0
32,80,0
113,33,0
133,54,0
135,181,0
138,113,0
97,18,0
17,105,0
60,51,0
173,57,0
53,143,0
166,189,0
76,127,0
87,83,0
173,130,0
87,18,0
129,96,0
41,59,0
140,39,0
56,125,0
42,31,0
174,118,0
103,28,0
34,131,0
145,55,0
107,13,0
140,106,0
155,135,0
95,64,0
14,116,0
147,88,0
67,12,0
10,83,0
153,30,0
61,170,0
174,11,0
22,86,0
155,184,0
158,159,0
169,140,0
111,81,0
167,167,0
144,119,0
74,43,0
26,52,0
160,193,0
143,175,0
32,160,0
128,49,0
106,122,0
62,186,0
50,18,0
17,72,0
168,30,0
115,49,0
139,12,0
132,62,0
104,84,0
6,165,0
123,122,0
111,35,0
123,105,0
87,120,0
27,21,0
135,133,0
151,156,0
117,48,0
100,144,0
35,119,0
75,65,0
24,8,0
124,84,0
3,73,0
110,118,0
26,2,0
92,86,0
107,149,0
103,146,0
164,158,0
169,146,0
103,117,0
136,165,0
166,126,0
115,95,0
118,57,0
25,168,0
96,1,0
25,143,0
135,113,0
27,110,0
75,65,0
25,114,0
69,126,0
109,90,0
48,100,0
176,17,0
143,112,0
79,116,0
3,9,0
17,82,0
30,158,0
24,47,0
153,107,0
9,67,0
87,67,0
110,147,0
48,19,0
86,73,0
157,26,0
145,58,0
150,27,0
83,115,0
64,7,1
63,61,0
22,122,0
147,159,0
125,66,0
14,175,0
77,149,0
49,23,0
3,25,0
9,108,0
93,121,0
50,178,0
116,127,0
26,73,0
108,76,0
35,69,0
136,62,0
108,72,0
166,59,0
138,19,0
59,10,0
81,57,0
93,179,0
114,187,0
81,67,0
39,138,0
82,144,0
119,44,0
23,22,0
163,158,0
14,130,0
94,101,0
133,60,0
99,17,0
56,78,0
176,40,0
172,108,0
29,99,0
5,18,0
59,152,0
161,83,0
16,87,0
65,122,0
76,126,0
29,95,0
50,103,0
19,185,0
176,84,0
96,40,0
87,130,0
88,44,0
84,109,0
108,138,0
45,130,0
129,125,0
158,95,0
13,65,0
137,79,0
131,168,0
11,152,0
12,99,0
10,70,0
111,168,0
91,112,0
89,169,0
138,115,0
74,49,0
175,20,0
150,32,0
35,15,0
64,53,0
93,149,0
19,173,0
147,35,0
149,71,1
137,172,1
42,134,0
22,92,0
61,22,0
163,105,0
154,171,0
104,107,0
52,176,0
53,174,0
105,80,0
121,97,0
116,166,0
121,168,0
62,13,0
85,17,0
79,85,0
136,98,1
145,148,0
145,145,0
54,157,0
74,102,0
161,157,0
173,170,0
121,179,0
26,170,0
144,129,0
123,80,0
72,38,0
177,65,0
20,185,0
117,16,0
98,62,0
156,89,0
48,62,0
93,84,0
43,177,0
15,102,0
27,95,0
126,161,0
113,135,0
58,158,0
152,27,0
2,166,0
30,19,0
155,11,0
94,34,1
101,82,0
112,86,0
100,109,0
40,123,0
156,162,0
101,99,0
104,8,0
151,75,0
123,5,0
70,35,0
20,154,0
52,160,0
172,154,0
82,84,0
142,102,0
146,120,0
49,115,0
37,170,0
110,166,0
170,54,0
124,5,0
161,102,0
160,34,0
26,188,0
82,150,0
109,120,0
25,70,0
10,62,0
72,68,0
145,44,0
84,63,0
147,63,0
158,154,0
20,184,0
170,42,0
112,153,0
96,21,0
55,40,0
118,187,0
177,44,0
75,101,0
137,77,0
33,56,0
81,89,0
114,150,0
31,182,0
107,142,0
110,65,0
88,31,0
85,172,0
104,87,0
53,156,0
83,32,0
172,60,0
48,138,0
170,192,0
170,84,0
133,152,0
36,142,0
128,94,0
72,169,0
32,13,0
15,22,0
102,80,0
24,90,0
3,166,0
81,117,0
160,153,0
58,127,0
78,75,0
47,14,0
67,98,0
37,118,0
89,31,0
17,177,0
30,90,0
77,176,0
179,133,0
89,27,0
9,42,0
16,72,0
150,24,0
174,162,0
107,55,1
14,110,0
7,150,0
49,61,0
6,3,0
58,77,0
132,60,0
63,80,0
157,154,0
59,144,0
122,141,0
63,123,0
6,19,0
86,101,0
95,69,0
24,51,0
115,145,0
165,82,0
137,45,0
180,188,0
32,165,0
70,16,0
29,101,0
12,192,0
21,176,0
106,139,0
13,162,0
17,151,0
5,49,0
105,114,0
109,83,0
62,8,0
85,23,0
97,170,0
164,39,0
17,35,0
77,188,0
23,22,0
61,26,0
117,56,0
23,96,0
53,52,0
55,70,0
32,188,0
162,51,0
2,91,0
137,29,0
30,24,0
83,111,0
18,21,0
65,129,0
75,46,0
30,169,0
177,191,0
171,166,0
1,104,0
16,140,0
73,62,0
111,1,0
46,95,0
122,139,0
174,9,0
178,21,0
103,190,0
9,78,0
44,168,0
10,98,0
31,24,0
46,109,0
180,45,0
4,85,0
36,79,0
11,162,0
42,145,0
31,71,0
176,16,0
83,52,0
36,161,0
171,147,0
99,63,0
17,100,0
124,30,0
35,118,0
70,119,0
77,180,0
5,58,0
138,127,0
141,63,0
61,113,0
24,131,0
109,59,0
52,6,0
75,34,0
40,136,0
111,79,0
170,157,0
34,12,0
96,51,0
156,68,0
178,190,0
89,10,0
130,147,0
13,15,0
170,87,0
23,13,0
163,46,0
27,157,0
106,87,0
98,77,0
108,176,1
162,12,0
92,119,1
105,158,0
141,122,0
160,43,0
98,90,0
88,96,0
125,47,0
45,70,0
156,193,0
111,154,0
96,35,0
28,175,0
88,166,0
170,131,0
151,174,0
148,130,0
52,43,0
62,132,0
24,71,0
77,52,0
11,66,0
73,100,0
40,79,0
150,134,0
42,30,0
168,128,0
10,139,0
76,98,0
6,66,0
100,102,0
7,105,0
72,38,0
37,66,0
65,4,0
64,67,0
34,120,0
146,168,0
30,39,0
174,191,0
104,162,0
28,39,0
16,131,0
82,133,0
40,69,0
44,128,0
173,75,0
120,27,0
101,86,0
7,155,0
6,142,0
146,121,0
127,105,0
99,101,0
79,82,0
57,49,0
138,78,0
25,155,0
3,158,0
44,104,0
87,125,0
145,39,0
2,62,0
178,145,0
38,41,0
173,149,0
15,119,0
32,167,0
149,152,0
117,146,0
53,25,0
22,135,0
39,158,0
6,91,0
87,190,0
179,150,0
85,147,0
21,12,0
152,84,0
4,26,0
73,5,0
31,2,0
74,73,0
96,109,0
42,53,0
27,87,0
70,176,0
50,56,0
119,106,0
120,116,0
128,172,0
38,96,0
2,103,0
154,89,0
154,128,0
113,39,0
168,170,0
97,79,0
70,79,0
82,182,0
163,34,0
10,129,0
111,44,0
11,193,0
94,41,0
96,43,0
146,192,0
70,8,0
102,157,0
161,120,0
64,59,0
83,164,0
135,117,0
102,110,0
104,86,0
37,103,0
84,103,0
28,141,0
1,63,0
79,32,0
9,140,0
151,125,0
13,117,0
147,75,0
68,30,0
35,92,0
2,53,0
156,96,0
19,116,0
84,180,0
16,67,0
10,75,0
43,28,0
47,1,0
154,137,0
78,56,0
139,131,0
93,119,0
10,170,0
11,3,0
6,48,0
61,32,0
1,177,0
168,117,0
17,108,0
119,192,0
52,192,0
87,59,0
154,142,0
89,113,0
162,7,0
166,34,0
105,4,0
168,59,0
175,156,0
58,162,0
124,182,0
2,131,0
128,9,0
123,182,0
47,144,0
7,94,0
66,72,0
58,30,0
132,37,0
12,92,0
57,115,0
158,63,0
9,88,0
155,158,0
48,182,0
82,140,0
156,49,0
106,165,0
78,23,1
28,49,0
97,125,0
55,126,0
50,6,0
12,41,0
163,26,0
32,123,0
26,163,0
102,109,0
155,146,0
140,68,0
147,49,0
79,140,0
136,65,0
141,166,0
161,15,0
136,72,0
88,111,0
125,123,0
79,137,0
22,34,0
161,82,0
4,82,0
45,79,0
100,46,0
171,10,0
11,138,0
69,147,0
145,113,0
89,77,0
51,123,0
124,103,0
95,139,0
38,148,0
174,97,0
88,165,0
123,181,0
24,118,0
106,43,0
94,50,1
113,15,0
119,2,0
56,165,0
156,193,0
25,13,0
118,24,0
115,7,0
17,84,0
170,17,0
177,163,0
18,104,0
128,183,0
69,25,0
61,71,0
134,90,1
165,48,0
102,130,0
78,76,0
105,78,0
93,132,0
55,175,0
25,137,0
76,109,0
40,145,0
18,130,0
63,110,0
4,53,0
105,54,0
70,32,0
66,34,0
99,110,0
102,17,0
44,39,0
126,145,0
34,73,0
5,156,0
139,59,0
99,185,0
75,14,0
7,9,0
145,84,0
91,185,0
17,83,0
144,149,0
61,54,0
161,132,0
17,89,0
153,136,0
116,118,0
105,76,0
21,29,0
39,101,0
78,49,0
120,128,0
11,169,0
172,71,0
18,185,0
149,16,0
71,40,0
61,147,0
160,185,0
109,96,0
16,124,0
169,164,0
99,138,0
53,161,0
75,31,0
81,93,0
104,123,0
78,79,0
12,25,0
5,98,0
121,83,0
2,47,0
162,40,0
102,28,0
171,132,0
31,21,0
66,155,0
172,117,0
25,49,0
64,34,0
91,65,0
73,140,0
146,46,0
44,154,0
147,135,0
38,53,0
88,34,0
139,72,0
41,29,0
24,156,0
58,141,0
71,168,0
120,73,0
69,6,0
4,129,0
145,157,0
87,50,0
5,56,0
122,82,0
60,89,0
45,104,0
28,128,0
117,139,0
63,33,0
142,10,0
142,185,0
38,96,0
36,180,0
12,151,0
38,108,0
85,93,0
175,121,0
83,1,0
54,146,0
167,13,0
73,74,0
64,26,0
81,114,0
13,59,1
122,92,0
108,73,0
154,83,0
127,142,0
89,25,0
170,191,0
31,109,0
119,175,0
65,89,0
60,187,0
177,147,0
60,20,0
50,192,0
172,190,0
161,7,0
36,61,0
81,50,0
98,52,0
125,166,0
156,185,0
75,120,0
65,35,0
40,75,0
161,151,0
17,67,0
36,39,0
52,150,0
59,145,0
73,38,0
127,174,0
3,175,0
109,3,0
108,53,0
109,186,0
13,183,0
28,164,0
21,183,0
69,90,0
112,189,0
176,113,0
36,77,0
16,30,0
163,137,0
116,136,0
34,183,0
137,165,0
120,112,0
54,53,0
173,140,0
29,140,0
143,86,0
88,145,0
107,105,0
136,171,0
9,116,0
40,50,0
11,16,0
64,36,0
30,193,0
102,123,0
37,34,0
50,159,0
77,114,0
81,38,0
52,24,0
59,66,0
84,84,0
16,89,0
136,4,0
1,189,0
81,156,0
46,89,0
53,48,0
153,143,0
52,130,0
105,183,0
169,113,0
37,149,0
82,166,0
72,105,0
135,33,0
109,37,0
164,122,0
144,192,0
84,56,0
163,123,0
42,5,0
38,98,0
173,17,0
55,170,0
162,5,0
115,24,0
172,59,0
111,14,0
81,183,0
174,76,0
152,11,0
154,41,0
112,192,0
116,102,0
92,45,0
120,63,0
138,11,1
139,37,0
172,41,0
71,45,0
61,98,0
6,80,0
85,103,0
89,129,0
16,190,0
92,155,0
80,151,0
102,110,0
5,28,0
49,63,0
24,103,0
55,32,0
112,188,0
134,17,0
137,172,1
110,3,0
150,166,0
50,185,0
125,112,0
46,21,0
168,59,0
146,88,0
117,147,0
85,92,0
148,135,0
145,114,0
172,63,0
152,45,0
10,12,0
96,27,0
43,59,0
26,38,0
64,10,0
70,176,0
31,123,0
4,163,0
86,83,0
102,50,0
17,83,0
143,154,0
66,73,0
25,109,0
137,76,0
16,75,0
110,155,0
24,11,0
163,21,0
99,182,0
175,84,0
62,5,0
107,177,0
35,67,0
45,171,0
141,26,0
155,193,0
19,148,0
64,133,0
98,50,0
148,98,0
152,103,0
107,47,0
109,152,0
79,25,0
159,137,0
132,63,0
163,71,0
148,31,0
56,118,0
57,122,0
32,116,0
49,89,0
90,184,0
65,17,0
73,37,0
109,80,0
25,107,0
82,140,0
117,172,0
119,1,0
109,95,0
86,70,0
7,168,0
14,110,0
119,155,0
146,140,0
62,78,0
124,178,0
50,9,0
93,8,0
180,186,0
99,10,0
86,9,0
32,31,0
98,26,0
18,4,0
66,43,0
68,170,0
93,68,0
95,157,0
112,101,0
164,6,0
159,19,0
135,3,0
26,96,0
91,73,0
68,29,0
34,78,0
106,127,0
151,79,0
89,148,0
138,142,0
124,130,0
52,171,0
86,113,0
147,50,0
44,117,0
89,4,0
53,14,0
70,148,0
139,65,0
76,168,0
89,151,0
45,127,0
49,117,0
44,120,0
70,187,0
7,185,0
104,44,0
4,130,0
171,51,0
139,77,0
119,160,0
155,114,0
98,104,0
16,96,0
6,126,0
133,34,0
127,73,0
13,140,0
124,181,0
104,120,0
7,76,0
51,143,0
43,34,0
152,14,0
165,186,0
5,70,0
58,132,0
138,74,0
21,118,0
105,136,0
123,21,0
3,167,0
27,122,0
166,129,0
124,93,0
14,28,0
26,10,0
121,58,0
163,108,0
33,166,0
6,65,0
101,35,0
92,27,1
92,148,1
150,127,0
121,188,0
16,37,0
89,84,0
52,182,0
24,106,0
19,40,0
159,54,0
90,97,0
89,100,0
109,54,0
15,165,0
170,149,0
11,40,0
180,162,0
4,126,0
108,10,0
64,48,0
139,163,0
127,50,1
27,72,0
17,174,0
35,78,0
57,5,0
175,186,0
88,38,0
142,24,0
146,193,0
107,155,0
75,111,0
67,191,0
160,185,0
54,131,0
60,135,0
81,89,0
12,87,0
40,111,0
48,39,0
47,191,0
132,29,0
176,111,0
74,138,1
64,14,0
92,171,0
19,129,0
167,78,0
161,34,0
87,174,0
178,87,1
106,39,0
140,151,0
43,145,0
172,44,0
9,61,0
10,147,0
73,113,0
88,128,0
31,120,0
4,59,0
13,88,0
143,34,0
18,114,0
75,30,0
157,75,0
134,67,0
154,97,0
42,164,0
60,155,0
99,44,1
159,176,0
167,156,0
22,193,0
13,119,0
34,168,0
59,118,0
160,24,0
47,75,0
137,121,1
91,41,0
5,36,0
137,41,0
149,19,0
93,37,0
48,115,0
158,113,0
62,79,0
19,57,0
162,109,0
17,177,0
93,151,0
43,145,0
42,157,0
146,146,0
72,12,0
85,53,0
172,165,0
96,29,0
2,105,0
38,38,0
154,183,0
179,159,0
152,183,0
51,97,0
137,71,0
19,153,0
147,157,0
67,186,0
39,40,0
102,4,0
32,89,0
104,162,0
22,52,0
57,165,0
39,193,0
170,97,0
51,189,0
7,171,0
113,75,0
49,104,0
49,62,0
130,109,0
35,126,0
65,123,0
117,191,0
55,187,0
173,72,0
22,31,0
93,52,0
137,87,0
126,15,0
42,149,0
63,176,0
47,61,0
107,2,0
176,192,0
92,101,0
164,46,0
133,50,0
2,89,0
157,193,0
108,15,0
79,27,0
78,98,0
169,122,0
111,32,0
113,46,0
134,153,0
40,8,0
44,96,0
36,171,0
19,141,0
118,16,0
63,2,0
158,105,0
169,41,0
85,142,0
134,45,0
174,90,0
112,28,0
46,56,0
83,67,0
14,144,0
112,65,0
58,86,0
157,18,0
170,188,0
146,41,0
29,6,0
133,47,0
54,101,0
146,54,0
114,7,0
134,188,0
140,178,0
125,41,0
8,142,0
110,78,0
103,84,0
127,10,0
32,190,0
156,70,0
103,167,0
16,33,0
137,80,0
111,91,0
122,170,0
79,136,0
129,103,0
86,187,0
67,134,0
111,24,0
50,3,0
106,105,0
8,130,0
113,129,0
74,149,0
87,168,0
93,1,0
120,16,0
13,75,0
172,67,0
117,120,0
169,166,0
31,184,0
50,3,0
13,117,0
66,50,1
36,50,0
50,12,0
83,161,0
171,91,0
137,178,0
11,11,0
164,161,0
60,23,0
62,32,0
151,31,0
113,134,0
139,81,0
78,99,0
36,1,0
40,111,0
99,117,0
24,5,0
160,88,0
21,27,0
30,32,0
1,17,0
47,29,0
122,55,1
168,87,0
156,37,0
124,184,0
90,61,0
95,123,0
161,122,0
89,108,0
173,158,0
44,177,0
139,17,0
9,75,0
21,37,0
48,92,0
173,25,0
8,11,0
132,12,0
46,89,0
46,179,0
32,100,0
106,155,0
60,75,0
18,66,0
146,165,0
3,164,0
142,148,0
158,59,0
117,169,0
146,86,0
82,101,0
76,97,0
97,110,0
113,164,0
93,32,0
73,151,0
42,183,0
56,71,0
68,78,0
78,181,0
51,111,0
165,82,0
71,120,0
138,29,1
69,144,0
138,54,0
170,193,0
103,3,0
45,29,0
119,130,0
143,136,0
69,9,0
68,101,0
163,132,0
4,91,0
141,60,0
158,94,0
166,91,0
129,179,0
147,132,0
148,192,0
89,161,0
170,147,0
90,143,0
22,167,0
37,31,0
161,39,0
132,2,0
71,76,0
76,69,0
135,28,0
110,131,0
116,11,0
10,92,0
152,148,0
138,77,0
84,137,0
23,185,0
130,73,0
102,18,1
75,76,0
36,151,0
134,85,0
170,62,0
146,26,0
13,136,0
21,38,0
60,127,0
43,155,0
73,134,0
43,134,0
54,113,0
155,21,0
123,50,1
78,52,0
73,97,0
111,122,0
16,142,0
164,124,0
91,161,0
135,23,0
34,27,0
47,115,0
133,127,0
61,116,0
121,156,0
42,160,0
24,167,0
18,112,0
134,154,0
85,5,0
64,133,0
65,55,0
166,73,0
6,67,0
131,181,0
168,180,0
110,172,0
52,145,0
113,40,0
167,140,0
23,75,0
12,165,0
3,179,0
78,187,0
83,153,0
125,83,0
58,169,0
27,173,0
151,160,0
148,55,0
42,38,0
45,139,0
44,22,0
167,65,0
105,23,0
93,56,0
32,36,0
5,90,0
132,167,0
16,87,0
169,175,0
147,42,1
68,77,0
51,190,0
122,54,0
20,102,0
9,100,0
173,97,0
71,179,0
36,150,0
135,32,0
138,190,0
17,54,0
115,67,0
111,168,0
146,122,0
14,19,0
5,189,0
85,19,0
175,173,0
134,101,0
11,114,0
1,75,0
128,31,0
29,113,0
75,29,0
54,105,0
57,65,0
31,6,0
110,89,0
170,153,0
175,18,0
66,108,0
15,66,0
38,89,0
148,43,0
45,150,0
141,5,0
24,14,0
136,96,1
145,1,0
140,54,0
166,75,0
37,181,0
91,178,0
149,50,1
112,143,0
174,163,0
3,10,0
146,186,0
1,124,0
96,99,0
143,178,0
92,41,0
64,14,0
151,153,0
5,90,0
62,142,0
7,54,0
81,191,0
31,136,0
139,128,0
44,103,0
114,85,0
165,124,0
109,39,0
91,5,0
69,170,0
36,44,0
130,26,0
11,47,0
166,143,0
155,14,0
43,189,0
114,77,0
48,190,0
144,59,0
156,69,0
84,89,0
13,149,0
149,39,0
15,101,0
117,33,0
34,114,0
175,133,0
11,171,0
27,102,0
160,101,0
135,69,0
160,93,0
123,84,0
129,170,0
125,156,0
129,17,0
143,107,0
133,150,0
29,96,0
177,51,0
143,132,0
128,68,0
104,181,0
174,31,0
138,51,0
93,92,0
144,111,0
98,161,0
10,167,0
96,173,0
1,135,0
179,113,0
75,173,0
102,166,1
151,184,0
137,43,0
22,161,0
51,101,0
151,26,0
132,58,0
70,43,0
134,166,0
156,166,0
119,113,0
131,11,0
39,91,0
86,184,0
130,101,0
87,4,0
29,41,0
102,135,0
75,157,0
127,149,0
98,145,0
143,77,0
170,163,0
150,130,0
155,115,0
149,169,0
52,94,0
51,49,0
2,106,0
162,190,0
113,35,0
147,68,0
37,117,0
156,168,0
18,19,0
157,11,0
46,77,0
145,95,0
93,32,0
99,144,0
140,124,0
90,187,0
173,175,0
110,18,0
94,90,0
154,42,1
25,10,0
157,22,0
49,36,0
22,20,0
34,125,0
60,6,0
2,168,0
108,105,0
148,185,0
85,50,0
25,119,0
96,6,0
24,70,0
98,11,0
57,61,0
162,190,0
79,104,0
110,44,0
128,47,0
63,168,0
177,65,0
36,153,0
169,160,0
61,118,0
168,72,0
122,179,0
175,20,0
27,21,0
130,110,0
164,26,0
38,41,0
117,192,0
154,91,0
94,187,0
171,140,0
123,21,0
104,72,0
84,152,0
21,141,0
126,96,0
38,60,0
139,67,0
47,100,0
49,125,0
124,124,0
29,82,0
158,76,0
65,122,0
59,140,0
150,146,0
31,42,0
135,135,0
98,68,0
10,18,0
21,52,0
134,177,0
68,47,0
142,115,0
79,107,0
127,90,0
85,140,0
129,49,0
33,11,1
45,184,0
41,58,0
140,151,0
152,182,0
150,92,0
161,44,0
54,106,0
25,15,0
167,14,0
136,80,0
45,163,0
123,73,0
42,85,0
100,57,0
21,34,0
135,17,0
100,4,0
75,52,0
138,114,0
143,68,0
21,46,0
109,191,0
108,37,0
139,50,0
171,155,0
137,121,1
160,150,0
104,6,0
88,51,0
137,12,0
115,180,0
91,144,0
81,137,0
105,56,0
137,127,0
18,117,0
76,166,0
11,101,0
69,151,0
166,108,0
156,80,0
122,140,0
123,145,0
19,130,0
52,89,0
90,11,0
131,99,1
180,147,0
120,108,0
103,122,0
63,141,0
21,147,0
42,169,0
134,66,0
97,23,0
